ref,alt,pos,ref_base,alt_base,y_ref,y_alt,d_true,qc_ref,qc_alt,d_qc,k,na,li_nh4,mg,ph,strand_conc
TGGGTGGGAGGGTGGGT,TGGGTGGGTGGGTGGGT,8,A,T,37.9,46.0,8.100000000000001,44.36665344238281,44.52825927734375,0.1616058349609375,0.0,0.0,30.0,0.0,7.4,5.0
TGGGTGGGAGGGTGGGT,TGGGTGGGTGGGTGGGT,8,A,T,40.0,48.3,8.299999999999997,45.043548583984375,44.60131454467773,-0.44223403930664773,0.0,1.0,30.0,0.0,7.4,5.0
TGGGTGGGAGGGTGGGT,TGGGTGGGTGGGTGGGT,8,A,T,46.3,55.4,9.100000000000001,46.86541748046875,46.32612991333008,-0.5392875671386719,0.0,10.0,30.0,0.0,7.4,5.0
GGGAGGGAGGGTGGG,GGGAGGGTGGGTGGG,7,A,T,43.4,47.0,3.6000000000000014,49.97665023803711,49.40180587768555,-0.5748443603515625,0.0,20.0,0.0,0.0,7.5,50.0
GGGAGGGTGGGTGGG,GGGTGGGTGGGTGGG,3,A,T,47.0,56.400000000000006,9.400000000000006,49.40180587768555,50.0663948059082,0.6645889282226562,0.0,20.0,0.0,0.0,7.5,50.0
TGGGTGGGAGGGTGGGT,TGGGTGGGTGGGTGGGT,8,A,T,55.6,63.7,8.100000000000001,51.2144660949707,52.9199333190918,1.7054672241210938,0.0,50.0,30.0,0.0,7.4,5.0
AGGGTTAGGGTTAGGGTTAGGG,AGGGTTAGGGTTAGGGTTTGGG,18,A,T,56.96666666666667,54.0,-2.9666666666666686,53.41746139526367,53.708133697509766,0.29067230224609375,0.0,100.0,0.0,0.0,7.0,5.0
AGGGTTAGGGTTAGGGTTAGGG,AGGGTTAGGGTTTGGGTTAGGG,12,A,T,56.96666666666667,62.0,5.033333333333331,53.41746139526367,53.708133697509766,0.29067230224609375,0.0,100.0,0.0,0.0,7.0,5.0
AGGGTTAGGGTTAGGGTTAGGG,AGGGTTTGGGTTAGGGTTAGGG,6,A,T,56.96666666666667,53.0,-3.9666666666666686,53.41746139526367,53.708133697509766,0.29067230224609375,0.0,100.0,0.0,0.0,7.0,5.0
AGGGTTAGGGTTAGGGTTAGGG,TGGGTTAGGGTTAGGGTTAGGG,0,A,T,56.96666666666667,53.0,-3.9666666666666686,53.41746139526367,54.34529495239258,0.9278335571289062,0.0,100.0,0.0,0.0,7.0,5.0
AGGGTTAGGGTTAGGGTTTGGG,AGGGTTAGGGTTTGGGTTTGGG,12,A,T,54.0,59.0,5.0,53.708133697509766,51.66978073120117,-2.0383529663085938,0.0,100.0,0.0,0.0,7.0,5.0
AGGGTTAGGGTTAGGGTTTGGG,AGGGTTTGGGTTAGGGTTTGGG,6,A,T,54.0,57.0,3.0,53.708133697509766,51.66978073120117,-2.0383529663085938,0.0,100.0,0.0,0.0,7.0,5.0
AGGGTTAGGGTTAGGGTTTGGG,TGGGTTAGGGTTAGGGTTTGGG,0,A,T,54.0,51.0,-3.0,53.708133697509766,56.851322174072266,3.1431884765625,0.0,100.0,0.0,0.0,7.0,5.0
AGGGTTAGGGTTTGGGTTAGGG,AGGGTTAGGGTTTGGGTTTGGG,18,A,T,62.0,59.0,-3.0,53.708133697509766,51.66978073120117,-2.0383529663085938,0.0,100.0,0.0,0.0,7.0,5.0
AGGGTTAGGGTTTGGGTTAGGG,AGGGTTTGGGTTTGGGTTAGGG,6,A,T,62.0,58.0,-4.0,53.708133697509766,51.66978073120117,-2.0383529663085938,0.0,100.0,0.0,0.0,7.0,5.0
AGGGTTAGGGTTTGGGTTAGGG,TGGGTTAGGGTTTGGGTTAGGG,0,A,T,62.0,53.0,-9.0,53.708133697509766,56.851322174072266,3.1431884765625,0.0,100.0,0.0,0.0,7.0,5.0
AGGGTTAGGGTTTGGGTTTGGG,AGGGTTTGGGTTTGGGTTTGGG,6,A,T,59.0,58.0,-1.0,51.66978073120117,48.9381103515625,-2.731670379638672,0.0,100.0,0.0,0.0,7.0,5.0
AGGGTTTGGGTTAGGGTTAGGG,AGGGTTTGGGTTAGGGTTTGGG,18,A,T,53.0,57.0,4.0,53.708133697509766,51.66978073120117,-2.0383529663085938,0.0,100.0,0.0,0.0,7.0,5.0
AGGGTTTGGGTTAGGGTTAGGG,AGGGTTTGGGTTTGGGTTAGGG,12,A,T,53.0,58.0,5.0,53.708133697509766,51.66978073120117,-2.0383529663085938,0.0,100.0,0.0,0.0,7.0,5.0
AGGGTTTGGGTTAGGGTTAGGG,TGGGTTTGGGTTAGGGTTAGGG,0,A,T,53.0,52.0,-1.0,53.708133697509766,56.851322174072266,3.1431884765625,0.0,100.0,0.0,0.0,7.0,5.0
AGGGTTTGGGTTAGGGTTTGGG,AGGGTTTGGGTTTGGGTTTGGG,12,A,T,57.0,58.0,1.0,51.66978073120117,48.9381103515625,-2.731670379638672,0.0,100.0,0.0,0.0,7.0,5.0
AGGGTTTGGGTTTGGGTTAGGG,AGGGTTTGGGTTTGGGTTTGGG,18,A,T,58.0,58.0,0.0,51.66978073120117,48.9381103515625,-2.731670379638672,0.0,100.0,0.0,0.0,7.0,5.0
AGGGTTTGGGTTTGGGTTTGGG,TGGGTTTGGGTTTGGGTTTGGG,0,A,T,58.0,44.0,-14.0,48.9381103515625,48.47970199584961,-0.4584083557128906,0.0,100.0,0.0,0.0,7.0,5.0
TGGGTTAGGGTTAGGGTTAGGG,TGGGTTAGGGTTAGGGTTTGGG,18,A,T,53.0,51.0,-2.0,54.34529495239258,56.851322174072266,2.5060272216796875,0.0,100.0,0.0,0.0,7.0,5.0
TGGGTTAGGGTTAGGGTTAGGG,TGGGTTAGGGTTTGGGTTAGGG,12,A,T,53.0,53.0,0.0,54.34529495239258,56.851322174072266,2.5060272216796875,0.0,100.0,0.0,0.0,7.0,5.0
TGGGTTAGGGTTAGGGTTAGGG,TGGGTTTGGGTTAGGGTTAGGG,6,A,T,53.0,52.0,-1.0,54.34529495239258,56.851322174072266,2.5060272216796875,0.0,100.0,0.0,0.0,7.0,5.0
AGGGTTTGGGTTAGGGTTTGGG,AGGGTTTGGGTTTGGGTTTGGG,12,A,T,56.2,61.2,5.0,52.31800842285156,49.58363342285156,-2.734375,0.0,100.0,0.0,0.0,7.2,5.0
GGGAGGGTGTAAGTGTGGGAGGG,GGGAGGGTGTAAGTGTGGGCGGG,19,A,C,30.3,33.8,3.4999999999999964,36.5659065246582,36.666316986083984,0.10041046142578125,0.0,100.0,0.0,0.0,7.2,5.0
GGGAGGGTGTAAGTGTGGGAGGG,GGGAGGGTGTAAGTGTGGGTGGG,19,A,T,30.3,33.5,3.1999999999999993,36.5659065246582,36.236087799072266,-0.3298187255859375,0.0,100.0,0.0,0.0,7.2,5.0
GGGAGGGTGTAAGTGTGGGAGGG,GGGCGGGTGTAAGTGTGGGAGGG,3,A,C,30.3,39.2,8.900000000000002,36.5659065246582,36.666316986083984,0.10041046142578125,0.0,100.0,0.0,0.0,7.2,5.0
GGGAGGGTGTAAGTGTGGGAGGG,GGGTGGGTGTAAGTGTGGGAGGG,3,A,T,30.3,39.0,8.7,36.5659065246582,36.236087799072266,-0.3298187255859375,0.0,100.0,0.0,0.0,7.2,5.0
GGGAGGGTGTAAGTGTGGGCGGG,GGGAGGGTGTAAGTGTGGGTGGG,19,C,T,33.8,33.5,-0.29999999999999716,36.666316986083984,36.236087799072266,-0.43022918701171875,0.0,100.0,0.0,0.0,7.2,5.0
GGGAGGGTGTAAGTGTGGGCGGG,GGGCGGGTGTAAGTGTGGGCGGG,3,A,C,33.8,42.2,8.400000000000006,36.666316986083984,43.66862869262695,7.002311706542969,0.0,100.0,0.0,0.0,7.2,5.0
GGGAGGGTGTAAGTGTGGGCGGG,GGGTGGGTGTAAGTGTGGGCGGG,3,A,T,33.8,37.0,3.200000000000003,36.666316986083984,40.13019943237305,3.4638824462890625,0.0,100.0,0.0,0.0,7.2,5.0
GGGAGGGTGTAAGTGTGGGTGGG,GGGCGGGTGTAAGTGTGGGTGGG,3,A,C,33.5,39.2,5.700000000000003,36.236087799072266,40.13019943237305,3.8941116333007812,0.0,100.0,0.0,0.0,7.2,5.0
GGGAGGGTGTAAGTGTGGGTGGG,GGGTGGGTGTAAGTGTGGGTGGG,3,A,T,33.5,36.9,3.3999999999999986,36.236087799072266,43.01681518554688,6.7807273864746165,0.0,100.0,0.0,0.0,7.2,5.0
GGGCGGGTGTAAGTGTGGGAGGG,GGGCGGGTGTAAGTGTGGGCGGG,19,A,C,39.2,42.2,3.0,36.666316986083984,43.66862869262695,7.002311706542969,0.0,100.0,0.0,0.0,7.2,5.0
GGGCGGGTGTAAGTGTGGGAGGG,GGGCGGGTGTAAGTGTGGGTGGG,19,A,T,39.2,39.2,0.0,36.666316986083984,40.13019943237305,3.4638824462890625,0.0,100.0,0.0,0.0,7.2,5.0
GGGCGGGTGTAAGTGTGGGAGGG,GGGTGGGTGTAAGTGTGGGAGGG,3,C,T,39.2,39.0,-0.20000000000000284,36.666316986083984,36.236087799072266,-0.43022918701171875,0.0,100.0,0.0,0.0,7.2,5.0
GGGCGGGTGTAAGTGTGGGCGGG,GGGCGGGTGTAAGTGTGGGTGGG,19,C,T,42.2,39.2,-3.0,43.66862869262695,40.13019943237305,-3.5384292602539062,0.0,100.0,0.0,0.0,7.2,5.0
GGGCGGGTGTAAGTGTGGGCGGG,GGGTGGGTGTAAGTGTGGGCGGG,3,C,T,42.2,37.0,-5.200000000000003,43.66862869262695,40.13019943237305,-3.5384292602539062,0.0,100.0,0.0,0.0,7.2,5.0
GGGCGGGTGTAAGTGTGGGTGGG,GGGTGGGTGTAAGTGTGGGTGGG,3,C,T,39.2,36.9,-2.3000000000000043,40.13019943237305,43.01681518554688,2.8866157531738352,0.0,100.0,0.0,0.0,7.2,5.0
GGGTGGGTGTAAGTGTGGGAGGG,GGGTGGGTGTAAGTGTGGGCGGG,19,A,C,39.0,37.0,-2.0,36.236087799072266,40.13019943237305,3.8941116333007812,0.0,100.0,0.0,0.0,7.2,5.0
GGGTGGGTGTAAGTGTGGGAGGG,GGGTGGGTGTAAGTGTGGGTGGG,19,A,T,39.0,36.9,-2.1000000000000014,36.236087799072266,43.01681518554688,6.7807273864746165,0.0,100.0,0.0,0.0,7.2,5.0
GGGTGGGTGTAAGTGTGGGCGGG,GGGTGGGTGTAAGTGTGGGTGGG,19,C,T,37.0,36.9,-0.10000000000000142,40.13019943237305,43.01681518554688,2.8866157531738352,0.0,100.0,0.0,0.0,7.2,5.0
GGGAGGGTTTGGGAGGG,GGGAGGGTTTGGGCGGG,13,A,C,41.0,40.8,-0.20000000000000284,41.88143539428711,44.43172073364258,2.5502853393554688,0.0,100.0,0.0,0.0,7.2,5.0
GGGAGGGTTTGGGAGGG,GGGAGGGTTTGGGTGGG,13,A,T,41.0,40.2,-0.7999999999999972,41.88143539428711,43.767578125,1.8861427307128906,0.0,100.0,0.0,0.0,7.2,5.0
GGGAGGGTTTGGGAGGG,GGGCGGGTTTGGGAGGG,3,A,C,41.0,43.2,2.200000000000003,41.88143539428711,44.43172073364258,2.5502853393554688,0.0,100.0,0.0,0.0,7.2,5.0
GGGAGGGTTTGGGAGGG,GGGTGGGTTTGGGAGGG,3,A,T,41.0,39.5,-1.5,41.88143539428711,43.767578125,1.8861427307128906,0.0,100.0,0.0,0.0,7.2,5.0
GGGAGGGTTTGGGCGGG,GGGAGGGTTTGGGTGGG,13,C,T,40.8,40.2,-0.5999999999999943,44.43172073364258,43.767578125,-0.6641426086425781,0.0,100.0,0.0,0.0,7.2,5.0
GGGAGGGTTTGGGCGGG,GGGCGGGTTTGGGCGGG,3,A,C,40.8,52.6,11.800000000000004,44.43172073364258,54.9498176574707,10.518096923828125,0.0,100.0,0.0,0.0,7.2,5.0
GGGAGGGTTTGGGCGGG,GGGTGGGTTTGGGCGGG,3,A,T,40.8,47.1,6.300000000000004,44.43172073364258,47.95710754394531,3.5253868103027344,0.0,100.0,0.0,0.0,7.2,5.0
GGGAGGGTTTGGGTGGG,GGGCGGGTTTGGGTGGG,3,A,C,40.2,47.4,7.199999999999996,43.767578125,47.95710754394531,4.1895294189453125,0.0,100.0,0.0,0.0,7.2,5.0
GGGAGGGTTTGGGTGGG,GGGTGGGTTTGGGTGGG,3,A,T,40.2,47.8,7.599999999999994,43.767578125,47.68703842163086,3.9194602966308594,0.0,100.0,0.0,0.0,7.2,5.0
GGGCGGGTTTGGGAGGG,GGGCGGGTTTGGGCGGG,13,A,C,43.2,52.6,9.399999999999999,44.43172073364258,54.9498176574707,10.518096923828125,0.0,100.0,0.0,0.0,7.2,5.0
GGGCGGGTTTGGGAGGG,GGGCGGGTTTGGGTGGG,13,A,T,43.2,47.4,4.199999999999996,44.43172073364258,47.95710754394531,3.5253868103027344,0.0,100.0,0.0,0.0,7.2,5.0
GGGCGGGTTTGGGAGGG,GGGTGGGTTTGGGAGGG,3,C,T,43.2,39.5,-3.700000000000003,44.43172073364258,43.767578125,-0.6641426086425781,0.0,100.0,0.0,0.0,7.2,5.0
GGGCGGGTTTGGGCGGG,GGGCGGGTTTGGGTGGG,13,C,T,52.6,47.4,-5.200000000000003,54.9498176574707,47.95710754394531,-6.992710113525391,0.0,100.0,0.0,0.0,7.2,5.0
GGGCGGGTTTGGGCGGG,GGGTGGGTTTGGGCGGG,3,C,T,52.6,47.1,-5.5,54.9498176574707,47.95710754394531,-6.992710113525391,0.0,100.0,0.0,0.0,7.2,5.0
GGGCGGGTTTGGGTGGG,GGGTGGGTTTGGGTGGG,3,C,T,47.4,47.8,0.3999999999999986,47.95710754394531,47.68703842163086,-0.2700691223144531,0.0,100.0,0.0,0.0,7.2,5.0
GGGTGGGTTTGGGAGGG,GGGTGGGTTTGGGCGGG,13,A,C,39.5,47.1,7.600000000000001,43.767578125,47.95710754394531,4.1895294189453125,0.0,100.0,0.0,0.0,7.2,5.0
GGGTGGGTTTGGGAGGG,GGGTGGGTTTGGGTGGG,13,A,T,39.5,47.8,8.299999999999997,43.767578125,47.68703842163086,3.9194602966308594,0.0,100.0,0.0,0.0,7.2,5.0
GGGTGGGTTTGGGCGGG,GGGTGGGTTTGGGTGGG,13,C,T,47.1,47.8,0.6999999999999957,47.95710754394531,47.68703842163086,-0.2700691223144531,0.0,100.0,0.0,0.0,7.2,5.0
GGGAGGGTTTTTTGGGAGGG,GGGAGGGTTTTTTGGGCGGG,16,A,C,29.5,37.2,7.700000000000003,36.75783920288086,37.96245193481445,1.2046127319335938,0.0,100.0,0.0,0.0,7.2,5.0
GGGAGGGTTTTTTGGGAGGG,GGGAGGGTTTTTTGGGTGGG,16,A,T,29.5,34.0,4.5,36.75783920288086,36.29604721069336,-0.4617919921875,0.0,100.0,0.0,0.0,7.2,5.0
GGGAGGGTTTTTTGGGAGGG,GGGCGGGTTTTTTGGGAGGG,3,A,C,29.5,39.5,10.0,36.75783920288086,37.96245193481445,1.2046127319335938,0.0,100.0,0.0,0.0,7.2,5.0
GGGAGGGTTTTTTGGGAGGG,GGGTGGGTTTTTTGGGAGGG,3,A,T,29.5,34.0,4.5,36.75783920288086,36.29604721069336,-0.4617919921875,0.0,100.0,0.0,0.0,7.2,5.0
GGGAGGGTTTTTTGGGCGGG,GGGAGGGTTTTTTGGGTGGG,16,C,T,37.2,34.0,-3.200000000000003,37.96245193481445,36.29604721069336,-1.6664047241210938,0.0,100.0,0.0,0.0,7.2,5.0
GGGAGGGTTTTTTGGGCGGG,GGGCGGGTTTTTTGGGCGGG,3,A,C,37.2,50.5,13.299999999999997,37.96245193481445,45.85573196411133,7.893280029296875,0.0,100.0,0.0,0.0,7.2,5.0
GGGAGGGTTTTTTGGGCGGG,GGGTGGGTTTTTTGGGCGGG,3,A,T,37.2,43.5,6.299999999999997,37.96245193481445,44.43368148803711,6.471229553222656,0.0,100.0,0.0,0.0,7.2,5.0
GGGAGGGTTTTTTGGGTGGG,GGGCGGGTTTTTTGGGTGGG,3,A,C,34.0,43.0,9.0,36.29604721069336,44.43368148803711,8.13763427734375,0.0,100.0,0.0,0.0,7.2,5.0
GGGAGGGTTTTTTGGGTGGG,GGGTGGGTTTTTTGGGTGGG,3,A,T,34.0,40.0,6.0,36.29604721069336,42.75724411010742,6.4611968994140625,0.0,100.0,0.0,0.0,7.2,5.0
GGGCGGGTTTTTTGGGAGGG,GGGCGGGTTTTTTGGGCGGG,16,A,C,39.5,50.5,11.0,37.96245193481445,45.85573196411133,7.893280029296875,0.0,100.0,0.0,0.0,7.2,5.0
GGGCGGGTTTTTTGGGAGGG,GGGCGGGTTTTTTGGGTGGG,16,A,T,39.5,43.0,3.5,37.96245193481445,44.43368148803711,6.471229553222656,0.0,100.0,0.0,0.0,7.2,5.0
GGGCGGGTTTTTTGGGAGGG,GGGTGGGTTTTTTGGGAGGG,3,C,T,39.5,34.0,-5.5,37.96245193481445,36.29604721069336,-1.6664047241210938,0.0,100.0,0.0,0.0,7.2,5.0
GGGCGGGTTTTTTGGGCGGG,GGGCGGGTTTTTTGGGTGGG,16,C,T,50.5,43.0,-7.5,45.85573196411133,44.43368148803711,-1.4220504760742188,0.0,100.0,0.0,0.0,7.2,5.0
GGGCGGGTTTTTTGGGCGGG,GGGTGGGTTTTTTGGGCGGG,3,C,T,50.5,43.5,-7.0,45.85573196411133,44.43368148803711,-1.4220504760742188,0.0,100.0,0.0,0.0,7.2,5.0
GGGCGGGTTTTTTGGGTGGG,GGGTGGGTTTTTTGGGTGGG,3,C,T,43.0,40.0,-3.0,44.43368148803711,42.75724411010742,-1.6764373779296875,0.0,100.0,0.0,0.0,7.2,5.0
GGGTGGGTTTTTTGGGAGGG,GGGTGGGTTTTTTGGGCGGG,16,A,C,34.0,43.5,9.5,36.29604721069336,44.43368148803711,8.13763427734375,0.0,100.0,0.0,0.0,7.2,5.0
GGGTGGGTTTTTTGGGAGGG,GGGTGGGTTTTTTGGGTGGG,16,A,T,34.0,40.0,6.0,36.29604721069336,42.75724411010742,6.4611968994140625,0.0,100.0,0.0,0.0,7.2,5.0
GGGTGGGTTTTTTGGGCGGG,GGGTGGGTTTTTTGGGTGGG,16,C,T,43.5,40.0,-3.5,44.43368148803711,42.75724411010742,-1.6764373779296875,0.0,100.0,0.0,0.0,7.2,5.0
GGGCCTGTCAGGGTTTGGGTTTGGG,GGGCCTTTCAGGGTTTGGGTTTGGG,6,G,T,42.5,39.5,-3.0,37.18415832519531,39.75092697143555,2.5667686462402344,0.0,100.0,0.0,0.0,7.2,5.0
GGGTTTGGGCCTGTCAGGGTTTGGG,GGGTTTGGGCCTTTCAGGGTTTGGG,12,G,T,51.5,51.5,0.0,44.76100158691406,46.55828475952149,1.797283172607429,0.0,100.0,0.0,0.0,7.2,5.0
GGGTTTGGGTTTGGGCCTGTCAGGG,GGGTTTGGGTTTGGGCCTTTCAGGG,18,G,T,30.0,35.0,5.0,35.89418029785156,35.787994384765625,-0.1061859130859375,0.0,100.0,0.0,0.0,7.2,5.0
GGGTTTGGGAAAGGGTTTGGG,GGGTTTGGGAACGGGTTTGGG,11,A,C,44.5,48.5,4.0,48.00376510620117,47.5197639465332,-0.48400115966796875,0.0,100.0,0.0,0.0,7.2,5.0
GGGTTTGGGAAAGGGTTTGGG,GGGTTTGGGAATGGGTTTGGG,11,A,T,44.5,45.0,0.5,48.00376510620117,46.27436828613281,-1.7293968200683594,0.0,100.0,0.0,0.0,7.2,5.0
GGGTTTGGGAAAGGGTTTGGG,GGGTTTGGGACAGGGTTTGGG,10,A,C,44.5,45.0,0.5,48.00376510620117,46.52608871459961,-1.4776763916015625,0.0,100.0,0.0,0.0,7.2,5.0
GGGTTTGGGAAAGGGTTTGGG,GGGTTTGGGAGAGGGTTTGGG,10,A,G,44.5,45.5,1.0,48.00376510620117,46.2606315612793,-1.743133544921875,0.0,100.0,0.0,0.0,7.2,5.0
GGGTTTGGGAAAGGGTTTGGG,GGGTTTGGGATAGGGTTTGGG,10,A,T,44.5,46.5,2.0,48.00376510620117,46.66650772094727,-1.3372573852538991,0.0,100.0,0.0,0.0,7.2,5.0
GGGTTTGGGAAAGGGTTTGGG,GGGTTTGGGCAAGGGTTTGGG,9,A,C,44.5,50.6,6.100000000000001,48.00376510620117,50.30815505981445,2.3043899536132812,0.0,100.0,0.0,0.0,7.2,5.0
GGGTTTGGGAAAGGGTTTGGG,GGGTTTGGGTAAGGGTTTGGG,9,A,T,44.5,50.0,5.5,48.00376510620117,51.21224594116211,3.2084808349609375,0.0,100.0,0.0,0.0,7.2,5.0
GGGTTTGGGAACGGGTTTGGG,GGGTTTGGGAATGGGTTTGGG,11,C,T,48.5,45.0,-3.5,47.5197639465332,46.27436828613281,-1.2453956604003906,0.0,100.0,0.0,0.0,7.2,5.0
GGGTTTGGGAACGGGTTTGGG,GGGTTTGGGACCGGGTTTGGG,10,A,C,48.5,48.0,-0.5,47.5197639465332,47.56294250488281,0.043178558349609375,0.0,100.0,0.0,0.0,7.2,5.0
GGGTTTGGGAACGGGTTTGGG,GGGTTTGGGAGCGGGTTTGGG,10,A,G,48.5,50.0,1.5,47.5197639465332,47.057254791259766,-0.4625091552734375,0.0,100.0,0.0,0.0,7.2,5.0
GGGTTTGGGAACGGGTTTGGG,GGGTTTGGGATCGGGTTTGGG,10,A,T,48.5,49.0,0.5,47.5197639465332,48.04826736450195,0.52850341796875,0.0,100.0,0.0,0.0,7.2,5.0
GGGTTTGGGAACGGGTTTGGG,GGGTTTGGGCACGGGTTTGGG,9,A,C,48.5,53.5,5.0,47.5197639465332,51.52531814575195,4.00555419921875,0.0,100.0,0.0,0.0,7.2,5.0
GGGTTTGGGAACGGGTTTGGG,GGGTTTGGGTACGGGTTTGGG,9,A,T,48.5,52.8,4.299999999999997,47.5197639465332,51.36044692993164,3.8406829833984375,0.0,100.0,0.0,0.0,7.2,5.0
GGGTTTGGGAATGGGTTTGGG,GGGTTTGGGACTGGGTTTGGG,10,A,C,45.0,45.2,0.20000000000000284,46.27436828613281,45.0262451171875,-1.2481231689453125,0.0,100.0,0.0,0.0,7.2,5.0
GGGTTTGGGAATGGGTTTGGG,GGGTTTGGGAGTGGGTTTGGG,10,A,G,45.0,47.0,2.0,46.27436828613281,46.34931564331055,0.07494735717773438,0.0,100.0,0.0,0.0,7.2,5.0
GGGTTTGGGAATGGGTTTGGG,GGGTTTGGGATTGGGTTTGGG,10,A,T,45.0,45.8,0.7999999999999972,46.27436828613281,46.3292236328125,0.0548553466796875,0.0,100.0,0.0,0.0,7.2,5.0
GGGTTTGGGAATGGGTTTGGG,GGGTTTGGGCATGGGTTTGGG,9,A,C,45.0,50.5,5.5,46.27436828613281,50.05234909057617,3.7779808044433594,0.0,100.0,0.0,0.0,7.2,5.0
GGGTTTGGGAATGGGTTTGGG,GGGTTTGGGTATGGGTTTGGG,9,A,T,45.0,49.9,4.899999999999999,46.27436828613281,48.60600280761719,2.331634521484375,0.0,100.0,0.0,0.0,7.2,5.0
GGGTTTGGGACAGGGTTTGGG,GGGTTTGGGACCGGGTTTGGG,11,A,C,45.0,48.0,3.0,46.52608871459961,47.56294250488281,1.0368537902832031,0.0,100.0,0.0,0.0,7.2,5.0
GGGTTTGGGACAGGGTTTGGG,GGGTTTGGGACTGGGTTTGGG,11,A,T,45.0,45.2,0.20000000000000284,46.52608871459961,45.0262451171875,-1.4998435974121094,0.0,100.0,0.0,0.0,7.2,5.0
GGGTTTGGGACAGGGTTTGGG,GGGTTTGGGAGAGGGTTTGGG,10,C,G,45.0,45.5,0.5,46.52608871459961,46.2606315612793,-0.2654571533203125,0.0,100.0,0.0,0.0,7.2,5.0
GGGTTTGGGACAGGGTTTGGG,GGGTTTGGGATAGGGTTTGGG,10,C,T,45.0,46.5,1.5,46.52608871459961,46.66650772094727,0.14041900634766336,0.0,100.0,0.0,0.0,7.2,5.0
GGGTTTGGGACAGGGTTTGGG,GGGTTTGGGCCAGGGTTTGGG,9,A,C,45.0,48.5,3.5,46.52608871459961,51.2614860534668,4.7353973388671875,0.0,100.0,0.0,0.0,7.2,5.0
GGGTTTGGGACAGGGTTTGGG,GGGTTTGGGTCAGGGTTTGGG,9,A,T,45.0,49.0,4.0,46.52608871459961,49.71245956420898,3.186370849609368,0.0,100.0,0.0,0.0,7.2,5.0
GGGTTTGGGACCGGGTTTGGG,GGGTTTGGGACTGGGTTTGGG,11,C,T,48.0,45.2,-2.799999999999997,47.56294250488281,45.0262451171875,-2.5366973876953125,0.0,100.0,0.0,0.0,7.2,5.0
GGGTTTGGGACCGGGTTTGGG,GGGTTTGGGAGCGGGTTTGGG,10,C,G,48.0,50.0,2.0,47.56294250488281,47.057254791259766,-0.5056877136230469,0.0,100.0,0.0,0.0,7.2,5.0
GGGTTTGGGACCGGGTTTGGG,GGGTTTGGGATCGGGTTTGGG,10,C,T,48.0,49.0,1.0,47.56294250488281,48.04826736450195,0.4853248596191406,0.0,100.0,0.0,0.0,7.2,5.0
GGGTTTGGGACCGGGTTTGGG,GGGTTTGGGCCCGGGTTTGGG,9,A,C,48.0,50.0,2.0,47.56294250488281,48.85105514526367,1.2881126403808594,0.0,100.0,0.0,0.0,7.2,5.0
GGGTTTGGGACCGGGTTTGGG,GGGTTTGGGTCCGGGTTTGGG,9,A,T,48.0,52.0,4.0,47.56294250488281,51.80511474609375,4.2421722412109375,0.0,100.0,0.0,0.0,7.2,5.0
GGGTTTGGGACTGGGTTTGGG,GGGTTTGGGAGTGGGTTTGGG,10,C,G,45.2,47.0,1.7999999999999972,45.0262451171875,46.34931564331055,1.3230705261230469,0.0,100.0,0.0,0.0,7.2,5.0
GGGTTTGGGACTGGGTTTGGG,GGGTTTGGGATTGGGTTTGGG,10,C,T,45.2,45.8,0.5999999999999943,45.0262451171875,46.3292236328125,1.302978515625,0.0,100.0,0.0,0.0,7.2,5.0
GGGTTTGGGACTGGGTTTGGG,GGGTTTGGGCCTGGGTTTGGG,9,A,C,45.2,49.0,3.799999999999997,45.0262451171875,49.72987747192383,4.703632354736328,0.0,100.0,0.0,0.0,7.2,5.0
GGGTTTGGGACTGGGTTTGGG,GGGTTTGGGTCTGGGTTTGGG,9,A,T,45.2,48.0,2.799999999999997,45.0262451171875,49.7504997253418,4.724254608154297,0.0,100.0,0.0,0.0,7.2,5.0
GGGTTTGGGAGAGGGTTTGGG,GGGTTTGGGAGCGGGTTTGGG,11,A,C,45.5,50.0,4.5,46.2606315612793,47.057254791259766,0.7966232299804688,0.0,100.0,0.0,0.0,7.2,5.0
GGGTTTGGGAGAGGGTTTGGG,GGGTTTGGGAGTGGGTTTGGG,11,A,T,45.5,47.0,1.5,46.2606315612793,46.34931564331055,0.08868408203125,0.0,100.0,0.0,0.0,7.2,5.0
GGGTTTGGGAGAGGGTTTGGG,GGGTTTGGGATAGGGTTTGGG,10,G,T,45.5,46.5,1.0,46.2606315612793,46.66650772094727,0.40587615966797586,0.0,100.0,0.0,0.0,7.2,5.0
GGGTTTGGGAGAGGGTTTGGG,GGGTTTGGGCGAGGGTTTGGG,9,A,C,45.5,49.8,4.299999999999997,46.2606315612793,49.49129104614258,3.2306594848632812,0.0,100.0,0.0,0.0,7.2,5.0
GGGTTTGGGAGAGGGTTTGGG,GGGTTTGGGTGAGGGTTTGGG,9,A,T,45.5,50.3,4.799999999999997,46.2606315612793,52.33802795410156,6.077396392822266,0.0,100.0,0.0,0.0,7.2,5.0
GGGTTTGGGAGCGGGTTTGGG,GGGTTTGGGAGTGGGTTTGGG,11,C,T,50.0,47.0,-3.0,47.057254791259766,46.34931564331055,-0.7079391479492188,0.0,100.0,0.0,0.0,7.2,5.0
GGGTTTGGGAGCGGGTTTGGG,GGGTTTGGGATCGGGTTTGGG,10,G,T,50.0,49.0,-1.0,47.057254791259766,48.04826736450195,0.9910125732421875,0.0,100.0,0.0,0.0,7.2,5.0
GGGTTTGGGAGCGGGTTTGGG,GGGTTTGGGCGCGGGTTTGGG,9,A,C,50.0,54.5,4.5,47.057254791259766,54.05952072143555,7.002265930175781,0.0,100.0,0.0,0.0,7.2,5.0
GGGTTTGGGAGCGGGTTTGGG,GGGTTTGGGTGCGGGTTTGGG,9,A,T,50.0,53.5,3.5,47.057254791259766,55.10673522949219,8.049480438232422,0.0,100.0,0.0,0.0,7.2,5.0
GGGTTTGGGAGTGGGTTTGGG,GGGTTTGGGATTGGGTTTGGG,10,G,T,47.0,45.8,-1.2000000000000028,46.34931564331055,46.3292236328125,-0.020092010498046875,0.0,100.0,0.0,0.0,7.2,5.0
GGGTTTGGGAGTGGGTTTGGG,GGGTTTGGGCGTGGGTTTGGG,9,A,C,47.0,52.5,5.5,46.34931564331055,50.50704574584961,4.1577301025390625,0.0,100.0,0.0,0.0,7.2,5.0
GGGTTTGGGAGTGGGTTTGGG,GGGTTTGGGTGTGGGTTTGGG,9,A,T,47.0,52.0,5.0,46.34931564331055,49.4471549987793,3.09783935546875,0.0,100.0,0.0,0.0,7.2,5.0
GGGTTTGGGATAGGGTTTGGG,GGGTTTGGGATCGGGTTTGGG,11,A,C,46.5,49.0,2.5,46.66650772094727,48.04826736450195,1.3817596435546804,0.0,100.0,0.0,0.0,7.2,5.0
GGGTTTGGGATAGGGTTTGGG,GGGTTTGGGATTGGGTTTGGG,11,A,T,46.5,45.8,-0.7000000000000028,46.66650772094727,46.3292236328125,-0.33728408813477273,0.0,100.0,0.0,0.0,7.2,5.0
GGGTTTGGGATAGGGTTTGGG,GGGTTTGGGCTAGGGTTTGGG,9,A,C,46.5,49.7,3.200000000000003,46.66650772094727,51.78765869140625,5.121150970458977,0.0,100.0,0.0,0.0,7.2,5.0
GGGTTTGGGATAGGGTTTGGG,GGGTTTGGGTTAGGGTTTGGG,9,A,T,46.5,51.3,4.799999999999997,46.66650772094727,51.05850601196289,4.391998291015618,0.0,100.0,0.0,0.0,7.2,5.0
GGGTTTGGGATCGGGTTTGGG,GGGTTTGGGATTGGGTTTGGG,11,C,T,49.0,45.8,-3.200000000000003,48.04826736450195,46.3292236328125,-1.7190437316894531,0.0,100.0,0.0,0.0,7.2,5.0
GGGTTTGGGATCGGGTTTGGG,GGGTTTGGGCTCGGGTTTGGG,9,A,C,49.0,54.0,5.0,48.04826736450195,52.15533065795898,4.107063293457024,0.0,100.0,0.0,0.0,7.2,5.0
GGGTTTGGGATCGGGTTTGGG,GGGTTTGGGTTCGGGTTTGGG,9,A,T,49.0,53.5,4.5,48.04826736450195,51.70854568481445,3.6602783203125,0.0,100.0,0.0,0.0,7.2,5.0
GGGTTTGGGATTGGGTTTGGG,GGGTTTGGGCTTGGGTTTGGG,9,A,C,45.8,53.8,8.0,46.3292236328125,49.42282485961914,3.0936012268066406,0.0,100.0,0.0,0.0,7.2,5.0
GGGTTTGGGATTGGGTTTGGG,GGGTTTGGGTTTGGGTTTGGG,9,A,T,45.8,48.5,2.700000000000003,46.3292236328125,49.6105842590332,3.281360626220703,0.0,100.0,0.0,0.0,7.2,5.0
GGGTTTGGGCAAGGGTTTGGG,GGGTTTGGGCACGGGTTTGGG,11,A,C,50.6,53.5,2.8999999999999986,50.30815505981445,51.52531814575195,1.2171630859375,0.0,100.0,0.0,0.0,7.2,5.0
GGGTTTGGGCAAGGGTTTGGG,GGGTTTGGGCATGGGTTTGGG,11,A,T,50.6,50.5,-0.10000000000000142,50.30815505981445,50.05234909057617,-0.25580596923828125,0.0,100.0,0.0,0.0,7.2,5.0
GGGTTTGGGCAAGGGTTTGGG,GGGTTTGGGCCAGGGTTTGGG,10,A,C,50.6,48.5,-2.1000000000000014,50.30815505981445,51.2614860534668,0.9533309936523438,0.0,100.0,0.0,0.0,7.2,5.0
GGGTTTGGGCAAGGGTTTGGG,GGGTTTGGGCGAGGGTTTGGG,10,A,G,50.6,49.8,-0.8000000000000043,50.30815505981445,49.49129104614258,-0.816864013671875,0.0,100.0,0.0,0.0,7.2,5.0
GGGTTTGGGCAAGGGTTTGGG,GGGTTTGGGCTAGGGTTTGGG,10,A,T,50.6,49.7,-0.8999999999999986,50.30815505981445,51.78765869140625,1.4795036315917969,0.0,100.0,0.0,0.0,7.2,5.0
GGGTTTGGGCAAGGGTTTGGG,GGGTTTGGGTAAGGGTTTGGG,9,C,T,50.6,50.0,-0.6000000000000014,50.30815505981445,51.21224594116211,0.9040908813476562,0.0,100.0,0.0,0.0,7.2,5.0
GGGTTTGGGCACGGGTTTGGG,GGGTTTGGGCATGGGTTTGGG,11,C,T,53.5,50.5,-3.0,51.52531814575195,50.05234909057617,-1.4729690551757812,0.0,100.0,0.0,0.0,7.2,5.0
GGGTTTGGGCACGGGTTTGGG,GGGTTTGGGCCCGGGTTTGGG,10,A,C,53.5,50.0,-3.5,51.52531814575195,48.85105514526367,-2.6742630004882812,0.0,100.0,0.0,0.0,7.2,5.0
GGGTTTGGGCACGGGTTTGGG,GGGTTTGGGCGCGGGTTTGGG,10,A,G,53.5,54.5,1.0,51.52531814575195,54.05952072143555,2.5342025756835938,0.0,100.0,0.0,0.0,7.2,5.0
GGGTTTGGGCACGGGTTTGGG,GGGTTTGGGCTCGGGTTTGGG,10,A,T,53.5,54.0,0.5,51.52531814575195,52.15533065795898,0.6300125122070241,0.0,100.0,0.0,0.0,7.2,5.0
GGGTTTGGGCACGGGTTTGGG,GGGTTTGGGTACGGGTTTGGG,9,C,T,53.5,52.8,-0.7000000000000028,51.52531814575195,51.36044692993164,-0.1648712158203125,0.0,100.0,0.0,0.0,7.2,5.0
GGGTTTGGGCATGGGTTTGGG,GGGTTTGGGCCTGGGTTTGGG,10,A,C,50.5,49.0,-1.5,50.05234909057617,49.72987747192383,-0.32247161865234375,0.0,100.0,0.0,0.0,7.2,5.0
GGGTTTGGGCATGGGTTTGGG,GGGTTTGGGCGTGGGTTTGGG,10,A,G,50.5,52.5,2.0,50.05234909057617,50.50704574584961,0.4546966552734375,0.0,100.0,0.0,0.0,7.2,5.0
GGGTTTGGGCATGGGTTTGGG,GGGTTTGGGCTTGGGTTTGGG,10,A,T,50.5,53.8,3.299999999999997,50.05234909057617,49.42282485961914,-0.6295242309570312,0.0,100.0,0.0,0.0,7.2,5.0
GGGTTTGGGCATGGGTTTGGG,GGGTTTGGGTATGGGTTTGGG,9,C,T,50.5,49.9,-0.6000000000000014,50.05234909057617,48.60600280761719,-1.4463462829589844,0.0,100.0,0.0,0.0,7.2,5.0
GGGTTTGGGCCAGGGTTTGGG,GGGTTTGGGCCCGGGTTTGGG,11,A,C,48.5,50.0,1.5,51.2614860534668,48.85105514526367,-2.410430908203125,0.0,100.0,0.0,0.0,7.2,5.0
GGGTTTGGGCCAGGGTTTGGG,GGGTTTGGGCCTGGGTTTGGG,11,A,T,48.5,49.0,0.5,51.2614860534668,49.72987747192383,-1.5316085815429688,0.0,100.0,0.0,0.0,7.2,5.0
GGGTTTGGGCCAGGGTTTGGG,GGGTTTGGGCGAGGGTTTGGG,10,C,G,48.5,49.8,1.2999999999999972,51.2614860534668,49.49129104614258,-1.7701950073242188,0.0,100.0,0.0,0.0,7.2,5.0
GGGTTTGGGCCAGGGTTTGGG,GGGTTTGGGCTAGGGTTTGGG,10,C,T,48.5,49.7,1.2000000000000028,51.2614860534668,51.78765869140625,0.5261726379394531,0.0,100.0,0.0,0.0,7.2,5.0
GGGTTTGGGCCAGGGTTTGGG,GGGTTTGGGTCAGGGTTTGGG,9,C,T,48.5,49.0,0.5,51.2614860534668,49.71245956420898,-1.5490264892578196,0.0,100.0,0.0,0.0,7.2,5.0
GGGTTTGGGCCCGGGTTTGGG,GGGTTTGGGCCTGGGTTTGGG,11,C,T,50.0,49.0,-1.0,48.85105514526367,49.72987747192383,0.8788223266601562,0.0,100.0,0.0,0.0,7.2,5.0
GGGTTTGGGCCCGGGTTTGGG,GGGTTTGGGCGCGGGTTTGGG,10,C,G,50.0,54.5,4.5,48.85105514526367,54.05952072143555,5.208465576171875,0.0,100.0,0.0,0.0,7.2,5.0
GGGTTTGGGCCCGGGTTTGGG,GGGTTTGGGCTCGGGTTTGGG,10,C,T,50.0,54.0,4.0,48.85105514526367,52.15533065795898,3.3042755126953054,0.0,100.0,0.0,0.0,7.2,5.0
GGGTTTGGGCCCGGGTTTGGG,GGGTTTGGGTCCGGGTTTGGG,9,C,T,50.0,52.0,2.0,48.85105514526367,51.80511474609375,2.954059600830078,0.0,100.0,0.0,0.0,7.2,5.0
GGGTTTGGGCCTGGGTTTGGG,GGGTTTGGGCGTGGGTTTGGG,10,C,G,49.0,52.5,3.5,49.72987747192383,50.50704574584961,0.7771682739257812,0.0,100.0,0.0,0.0,7.2,5.0
GGGTTTGGGCCTGGGTTTGGG,GGGTTTGGGCTTGGGTTTGGG,10,C,T,49.0,53.8,4.799999999999997,49.72987747192383,49.42282485961914,-0.3070526123046875,0.0,100.0,0.0,0.0,7.2,5.0
GGGTTTGGGCCTGGGTTTGGG,GGGTTTGGGTCTGGGTTTGGG,9,C,T,49.0,48.0,-1.0,49.72987747192383,49.7504997253418,0.02062225341796875,0.0,100.0,0.0,0.0,7.2,5.0
GGGTTTGGGCGAGGGTTTGGG,GGGTTTGGGCGCGGGTTTGGG,11,A,C,49.8,54.5,4.700000000000003,49.49129104614258,54.05952072143555,4.568229675292969,0.0,100.0,0.0,0.0,7.2,5.0
GGGTTTGGGCGAGGGTTTGGG,GGGTTTGGGCGTGGGTTTGGG,11,A,T,49.8,52.5,2.700000000000003,49.49129104614258,50.50704574584961,1.0157546997070312,0.0,100.0,0.0,0.0,7.2,5.0
GGGTTTGGGCGAGGGTTTGGG,GGGTTTGGGCTAGGGTTTGGG,10,G,T,49.8,49.7,-0.09999999999999432,49.49129104614258,51.78765869140625,2.296367645263672,0.0,100.0,0.0,0.0,7.2,5.0
GGGTTTGGGCGAGGGTTTGGG,GGGTTTGGGTGAGGGTTTGGG,9,C,T,49.8,50.3,0.5,49.49129104614258,52.33802795410156,2.8467369079589844,0.0,100.0,0.0,0.0,7.2,5.0
GGGTTTGGGCGCGGGTTTGGG,GGGTTTGGGCGTGGGTTTGGG,11,C,T,54.5,52.5,-2.0,54.05952072143555,50.50704574584961,-3.5524749755859375,0.0,100.0,0.0,0.0,7.2,5.0
GGGTTTGGGCGCGGGTTTGGG,GGGTTTGGGCTCGGGTTTGGG,10,G,T,54.5,54.0,-0.5,54.05952072143555,52.15533065795898,-1.9041900634765696,0.0,100.0,0.0,0.0,7.2,5.0
GGGTTTGGGCGCGGGTTTGGG,GGGTTTGGGTGCGGGTTTGGG,9,C,T,54.5,53.5,-1.0,54.05952072143555,55.10673522949219,1.0472145080566406,0.0,100.0,0.0,0.0,7.2,5.0
GGGTTTGGGCGTGGGTTTGGG,GGGTTTGGGCTTGGGTTTGGG,10,G,T,52.5,53.8,1.2999999999999972,50.50704574584961,49.42282485961914,-1.0842208862304688,0.0,100.0,0.0,0.0,7.2,5.0
GGGTTTGGGCGTGGGTTTGGG,GGGTTTGGGTGTGGGTTTGGG,9,C,T,52.5,52.0,-0.5,50.50704574584961,49.4471549987793,-1.0598907470703125,0.0,100.0,0.0,0.0,7.2,5.0
GGGTTTGGGCTAGGGTTTGGG,GGGTTTGGGCTCGGGTTTGGG,11,A,C,49.7,54.0,4.299999999999997,51.78765869140625,52.15533065795898,0.36767196655272727,0.0,100.0,0.0,0.0,7.2,5.0
GGGTTTGGGCTAGGGTTTGGG,GGGTTTGGGCTTGGGTTTGGG,11,A,T,49.7,53.8,4.099999999999994,51.78765869140625,49.42282485961914,-2.3648338317871094,0.0,100.0,0.0,0.0,7.2,5.0
GGGTTTGGGCTAGGGTTTGGG,GGGTTTGGGTTAGGGTTTGGG,9,C,T,49.7,51.3,1.5999999999999943,51.78765869140625,51.05850601196289,-0.7291526794433594,0.0,100.0,0.0,0.0,7.2,5.0
GGGTTTGGGCTCGGGTTTGGG,GGGTTTGGGCTTGGGTTTGGG,11,C,T,54.0,53.8,-0.20000000000000284,52.15533065795898,49.42282485961914,-2.7325057983398366,0.0,100.0,0.0,0.0,7.2,5.0
GGGTTTGGGCTCGGGTTTGGG,GGGTTTGGGTTCGGGTTTGGG,9,C,T,54.0,53.5,-0.5,52.15533065795898,51.70854568481445,-0.44678497314452414,0.0,100.0,0.0,0.0,7.2,5.0
GGGTTTGGGCTTGGGTTTGGG,GGGTTTGGGTTTGGGTTTGGG,9,C,T,53.8,48.5,-5.299999999999997,49.42282485961914,49.6105842590332,0.1877593994140625,0.0,100.0,0.0,0.0,7.2,5.0
GGGTTTGGGTAAGGGTTTGGG,GGGTTTGGGTACGGGTTTGGG,11,A,C,50.0,52.8,2.799999999999997,51.21224594116211,51.36044692993164,0.14820098876953125,0.0,100.0,0.0,0.0,7.2,5.0
GGGTTTGGGTAAGGGTTTGGG,GGGTTTGGGTATGGGTTTGGG,11,A,T,50.0,49.9,-0.10000000000000142,51.21224594116211,48.60600280761719,-2.606243133544922,0.0,100.0,0.0,0.0,7.2,5.0
GGGTTTGGGTAAGGGTTTGGG,GGGTTTGGGTCAGGGTTTGGG,10,A,C,50.0,49.0,-1.0,51.21224594116211,49.71245956420898,-1.499786376953132,0.0,100.0,0.0,0.0,7.2,5.0
GGGTTTGGGTAAGGGTTTGGG,GGGTTTGGGTGAGGGTTTGGG,10,A,G,50.0,50.3,0.29999999999999716,51.21224594116211,52.33802795410156,1.1257820129394531,0.0,100.0,0.0,0.0,7.2,5.0
GGGTTTGGGTAAGGGTTTGGG,GGGTTTGGGTTAGGGTTTGGG,10,A,T,50.0,51.3,1.2999999999999972,51.21224594116211,51.05850601196289,-0.15373992919921875,0.0,100.0,0.0,0.0,7.2,5.0
GGGTTTGGGTACGGGTTTGGG,GGGTTTGGGTATGGGTTTGGG,11,C,T,52.8,49.9,-2.8999999999999986,51.36044692993164,48.60600280761719,-2.754444122314453,0.0,100.0,0.0,0.0,7.2,5.0
GGGTTTGGGTACGGGTTTGGG,GGGTTTGGGTCCGGGTTTGGG,10,A,C,52.8,52.0,-0.7999999999999972,51.36044692993164,51.80511474609375,0.4446678161621094,0.0,100.0,0.0,0.0,7.2,5.0
GGGTTTGGGTACGGGTTTGGG,GGGTTTGGGTGCGGGTTTGGG,10,A,G,52.8,53.5,0.7000000000000028,51.36044692993164,55.10673522949219,3.746288299560547,0.0,100.0,0.0,0.0,7.2,5.0
GGGTTTGGGTACGGGTTTGGG,GGGTTTGGGTTCGGGTTTGGG,10,A,T,52.8,53.5,0.7000000000000028,51.36044692993164,51.70854568481445,0.3480987548828125,0.0,100.0,0.0,0.0,7.2,5.0
GGGTTTGGGTATGGGTTTGGG,GGGTTTGGGTCTGGGTTTGGG,10,A,C,49.9,48.0,-1.8999999999999986,48.60600280761719,49.7504997253418,1.1444969177246094,0.0,100.0,0.0,0.0,7.2,5.0
GGGTTTGGGTATGGGTTTGGG,GGGTTTGGGTGTGGGTTTGGG,10,A,G,49.9,52.0,2.1000000000000014,48.60600280761719,49.4471549987793,0.8411521911621094,0.0,100.0,0.0,0.0,7.2,5.0
GGGTTTGGGTATGGGTTTGGG,GGGTTTGGGTTTGGGTTTGGG,10,A,T,49.9,48.5,-1.3999999999999986,48.60600280761719,49.6105842590332,1.0045814514160156,0.0,100.0,0.0,0.0,7.2,5.0
GGGTTTGGGTCAGGGTTTGGG,GGGTTTGGGTCCGGGTTTGGG,11,A,C,49.0,52.0,3.0,49.71245956420898,51.80511474609375,2.0926551818847727,0.0,100.0,0.0,0.0,7.2,5.0
GGGTTTGGGTCAGGGTTTGGG,GGGTTTGGGTCTGGGTTTGGG,11,A,T,49.0,48.0,-1.0,49.71245956420898,49.7504997253418,0.038040161132819605,0.0,100.0,0.0,0.0,7.2,5.0
GGGTTTGGGTCAGGGTTTGGG,GGGTTTGGGTGAGGGTTTGGG,10,C,G,49.0,50.3,1.2999999999999972,49.71245956420898,52.33802795410156,2.6255683898925852,0.0,100.0,0.0,0.0,7.2,5.0
GGGTTTGGGTCAGGGTTTGGG,GGGTTTGGGTTAGGGTTTGGG,10,C,T,49.0,51.3,2.299999999999997,49.71245956420898,51.05850601196289,1.3460464477539134,0.0,100.0,0.0,0.0,7.2,5.0
GGGTTTGGGTCCGGGTTTGGG,GGGTTTGGGTCTGGGTTTGGG,11,C,T,52.0,48.0,-4.0,51.80511474609375,49.7504997253418,-2.054615020751953,0.0,100.0,0.0,0.0,7.2,5.0
GGGTTTGGGTCCGGGTTTGGG,GGGTTTGGGTGCGGGTTTGGG,10,C,G,52.0,53.5,1.5,51.80511474609375,55.10673522949219,3.3016204833984375,0.0,100.0,0.0,0.0,7.2,5.0
GGGTTTGGGTCCGGGTTTGGG,GGGTTTGGGTTCGGGTTTGGG,10,C,T,52.0,53.5,1.5,51.80511474609375,51.70854568481445,-0.09656906127929688,0.0,100.0,0.0,0.0,7.2,5.0
GGGTTTGGGTCTGGGTTTGGG,GGGTTTGGGTGTGGGTTTGGG,10,C,G,48.0,52.0,4.0,49.7504997253418,49.4471549987793,-0.3033447265625,0.0,100.0,0.0,0.0,7.2,5.0
GGGTTTGGGTCTGGGTTTGGG,GGGTTTGGGTTTGGGTTTGGG,10,C,T,48.0,48.5,0.5,49.7504997253418,49.6105842590332,-0.13991546630859375,0.0,100.0,0.0,0.0,7.2,5.0
GGGTTTGGGTGAGGGTTTGGG,GGGTTTGGGTGCGGGTTTGGG,11,A,C,50.3,53.5,3.200000000000003,52.33802795410156,55.10673522949219,2.768707275390625,0.0,100.0,0.0,0.0,7.2,5.0
GGGTTTGGGTGAGGGTTTGGG,GGGTTTGGGTGTGGGTTTGGG,11,A,T,50.3,52.0,1.7000000000000028,52.33802795410156,49.4471549987793,-2.8908729553222656,0.0,100.0,0.0,0.0,7.2,5.0
GGGTTTGGGTGAGGGTTTGGG,GGGTTTGGGTTAGGGTTTGGG,10,G,T,50.3,51.3,1.0,52.33802795410156,51.05850601196289,-1.2795219421386719,0.0,100.0,0.0,0.0,7.2,5.0
GGGTTTGGGTGCGGGTTTGGG,GGGTTTGGGTGTGGGTTTGGG,11,C,T,53.5,52.0,-1.5,55.10673522949219,49.4471549987793,-5.659580230712891,0.0,100.0,0.0,0.0,7.2,5.0
GGGTTTGGGTGCGGGTTTGGG,GGGTTTGGGTTCGGGTTTGGG,10,G,T,53.5,53.5,0.0,55.10673522949219,51.70854568481445,-3.3981895446777344,0.0,100.0,0.0,0.0,7.2,5.0
GGGTTTGGGTGTGGGTTTGGG,GGGTTTGGGTTTGGGTTTGGG,10,G,T,52.0,48.5,-3.5,49.4471549987793,49.6105842590332,0.16342926025390625,0.0,100.0,0.0,0.0,7.2,5.0
GGGTTTGGGTTAGGGTTTGGG,GGGTTTGGGTTCGGGTTTGGG,11,A,C,51.3,53.5,2.200000000000003,51.05850601196289,51.70854568481445,0.6500396728515625,0.0,100.0,0.0,0.0,7.2,5.0
GGGTTTGGGTTAGGGTTTGGG,GGGTTTGGGTTTGGGTTTGGG,11,A,T,51.3,48.5,-2.799999999999997,51.05850601196289,49.6105842590332,-1.4479217529296875,0.0,100.0,0.0,0.0,7.2,5.0
GGGTTTGGGTTCGGGTTTGGG,GGGTTTGGGTTTGGGTTTGGG,11,C,T,53.5,48.5,-5.0,51.70854568481445,49.6105842590332,-2.09796142578125,0.0,100.0,0.0,0.0,7.2,5.0
AGGGAAAGGGTTAGGGTTAGGG,AGGGAATGGGTTAGGGTTAGGG,6,A,T,44.1,48.1,4.0,52.17670822143555,48.65012741088867,-3.526580810546875,0.0,100.0,0.0,0.0,7.5,5.0
AGGGTTAGGGAAAGGGTTAGGG,AGGGTTAGGGAATGGGTTAGGG,12,A,T,50.4,57.4,7.0,52.17670822143555,48.65012741088867,-3.526580810546875,0.0,100.0,0.0,0.0,7.5,5.0
AGGGTTAGGGTTAGGGAAAGGG,AGGGTTAGGGTTAGGGAATGGG,18,A,T,42.2,46.9,4.699999999999996,52.17670822143555,48.65012741088867,-3.526580810546875,0.0,100.0,0.0,0.0,7.5,5.0
AGGGTTAGGGTTAGGGAAAGGG,AGGGTTTGGGTTAGGGAAAGGG,6,A,T,42.2,52.2,10.0,52.17670822143555,47.42805480957031,-4.748653411865234,0.0,100.0,0.0,0.0,7.5,5.0
AGGGTTAGGGTTAGGGTTAGGG,AGGGTTAGGGTTAGGGTTTGGG,18,A,T,54.6,51.3,-3.3000000000000043,52.6561164855957,52.1151123046875,-0.5410041809082031,0.0,100.0,0.0,0.0,7.5,5.0
AGGGTTAGGGTTAGGGTTAGGG,AGGGTTAGGGTTTGGGTTAGGG,12,A,T,54.6,59.4,4.799999999999997,52.6561164855957,52.1151123046875,-0.5410041809082031,0.0,100.0,0.0,0.0,7.5,5.0
AGGGAAAGGGTTAGGGTTAGGG,AGGGAATGGGTTAGGGTTAGGG,6,A,T,44.1,48.1,4.0,51.74761962890625,48.348907470703125,-3.398712158203125,0.0,100.0,0.0,0.0,7.5,20.0
AGGGTTAGGGAAAGGGTTAGGG,AGGGTTAGGGAATGGGTTAGGG,12,A,T,50.4,57.4,7.0,51.74761962890625,48.348907470703125,-3.398712158203125,0.0,100.0,0.0,0.0,7.5,20.0
AGGGTTAGGGTTAGGGAAAGGG,AGGGTTAGGGTTAGGGAATGGG,18,A,T,42.2,46.9,4.699999999999996,51.74761962890625,48.348907470703125,-3.398712158203125,0.0,100.0,0.0,0.0,7.5,20.0
AGGGTTAGGGTTAGGGTTAGGG,AGGGTTAGGGTTAGGGTTTGGG,18,A,T,54.6,51.3,-3.3000000000000043,52.91560363769531,52.61531448364258,-0.3002891540527344,0.0,100.0,0.0,0.0,7.5,20.0
AGGGTTAGGGTTAGGGTTAGGG,AGGGTTAGGGTTTGGGTTAGGG,12,A,T,54.6,59.4,4.799999999999997,52.91560363769531,52.61531448364258,-0.3002891540527344,0.0,100.0,0.0,0.0,7.5,20.0
AGGGTTAGGGTTAGGGTTAGGG,AGGGTTTGGGTTAGGGTTAGGG,6,A,T,54.6,52.2,-2.3999999999999986,52.91560363769531,52.61531448364258,-0.3002891540527344,0.0,100.0,0.0,0.0,7.5,20.0
GGGAGGGTGTAAGTGTGGGAGGG,GGGAGGGTGTAAGTGTGGGCGGG,19,A,C,30.3,33.8,3.4999999999999964,36.42482376098633,36.61831665039063,0.19349288940430398,0.0,100.0,10.0,0.0,7.2,4.0
GGGAGGGTGTAAGTGTGGGAGGG,GGGAGGGTGTAAGTGTGGGTGGG,19,A,T,30.3,33.5,3.1999999999999993,36.42482376098633,35.64536666870117,-0.7794570922851562,0.0,100.0,10.0,0.0,7.2,4.0
GGGAGGGTGTAAGTGTGGGAGGG,GGGCGGGTGTAAGTGTGGGAGGG,3,A,C,30.3,39.2,8.900000000000002,36.42482376098633,36.61831665039063,0.19349288940430398,0.0,100.0,10.0,0.0,7.2,4.0
GGGAGGGTGTAAGTGTGGGAGGG,GGGTGGGTGTAAGTGTGGGAGGG,3,A,T,30.3,39.0,8.7,36.42482376098633,35.64536666870117,-0.7794570922851562,0.0,100.0,10.0,0.0,7.2,4.0
GGGAGGGTGTAAGTGTGGGCGGG,GGGAGGGTGTAAGTGTGGGTGGG,19,C,T,33.8,33.5,-0.29999999999999716,36.61831665039063,35.64536666870117,-0.9729499816894602,0.0,100.0,10.0,0.0,7.2,4.0
GGGAGGGTGTAAGTGTGGGCGGG,GGGCGGGTGTAAGTGTGGGCGGG,3,A,C,33.8,42.2,8.400000000000006,36.61831665039063,44.01549911499024,7.397182464599609,0.0,100.0,10.0,0.0,7.2,4.0
GGGAGGGTGTAAGTGTGGGCGGG,GGGTGGGTGTAAGTGTGGGCGGG,3,A,T,33.8,37.0,3.200000000000003,36.61831665039063,39.7235107421875,3.105194091796868,0.0,100.0,10.0,0.0,7.2,4.0
GGGAGGGTGTAAGTGTGGGTGGG,GGGCGGGTGTAAGTGTGGGTGGG,3,A,C,33.5,39.2,5.700000000000003,35.64536666870117,39.7235107421875,4.078144073486328,0.0,100.0,10.0,0.0,7.2,4.0
GGGAGGGTGTAAGTGTGGGTGGG,GGGTGGGTGTAAGTGTGGGTGGG,3,A,T,33.5,36.9,3.3999999999999986,35.64536666870117,42.33867645263672,6.693309783935547,0.0,100.0,10.0,0.0,7.2,4.0
GGGCGGGTGTAAGTGTGGGAGGG,GGGCGGGTGTAAGTGTGGGCGGG,19,A,C,39.2,42.2,3.0,36.61831665039063,44.01549911499024,7.397182464599609,0.0,100.0,10.0,0.0,7.2,4.0
GGGCGGGTGTAAGTGTGGGAGGG,GGGCGGGTGTAAGTGTGGGTGGG,19,A,T,39.2,39.2,0.0,36.61831665039063,39.7235107421875,3.105194091796868,0.0,100.0,10.0,0.0,7.2,4.0
GGGCGGGTGTAAGTGTGGGAGGG,GGGTGGGTGTAAGTGTGGGAGGG,3,C,T,39.2,39.0,-0.20000000000000284,36.61831665039063,35.64536666870117,-0.9729499816894602,0.0,100.0,10.0,0.0,7.2,4.0
GGGCGGGTGTAAGTGTGGGCGGG,GGGCGGGTGTAAGTGTGGGTGGG,19,C,T,42.2,39.2,-3.0,44.01549911499024,39.7235107421875,-4.2919883728027415,0.0,100.0,10.0,0.0,7.2,4.0
GGGCGGGTGTAAGTGTGGGCGGG,GGGTGGGTGTAAGTGTGGGCGGG,3,C,T,42.2,37.0,-5.200000000000003,44.01549911499024,39.7235107421875,-4.2919883728027415,0.0,100.0,10.0,0.0,7.2,4.0
GGGCGGGTGTAAGTGTGGGTGGG,GGGTGGGTGTAAGTGTGGGTGGG,3,C,T,39.2,36.9,-2.3000000000000043,39.7235107421875,42.33867645263672,2.6151657104492188,0.0,100.0,10.0,0.0,7.2,4.0
GGGTGGGTGTAAGTGTGGGAGGG,GGGTGGGTGTAAGTGTGGGCGGG,19,A,C,39.0,37.0,-2.0,35.64536666870117,39.7235107421875,4.078144073486328,0.0,100.0,10.0,0.0,7.2,4.0
GGGTGGGTGTAAGTGTGGGAGGG,GGGTGGGTGTAAGTGTGGGTGGG,19,A,T,39.0,36.9,-2.1000000000000014,35.64536666870117,42.33867645263672,6.693309783935547,0.0,100.0,10.0,0.0,7.2,4.0
GGGTGGGTGTAAGTGTGGGCGGG,GGGTGGGTGTAAGTGTGGGTGGG,19,C,T,37.0,36.9,-0.10000000000000142,39.7235107421875,42.33867645263672,2.6151657104492188,0.0,100.0,10.0,0.0,7.2,4.0
GGGAGGGTTTGGGAGGG,GGGAGGGTTTGGGCGGG,13,A,C,41.0,40.8,-0.20000000000000284,41.357330322265625,44.08173751831055,2.724407196044922,0.0,100.0,10.0,0.0,7.2,4.0
GGGAGGGTTTGGGAGGG,GGGAGGGTTTGGGTGGG,13,A,T,41.0,40.2,-0.7999999999999972,41.357330322265625,43.38547897338867,2.028148651123047,0.0,100.0,10.0,0.0,7.2,4.0
GGGAGGGTTTGGGAGGG,GGGCGGGTTTGGGAGGG,3,A,C,41.0,43.2,2.200000000000003,41.357330322265625,44.08173751831055,2.724407196044922,0.0,100.0,10.0,0.0,7.2,4.0
GGGAGGGTTTGGGAGGG,GGGTGGGTTTGGGAGGG,3,A,T,41.0,39.5,-1.5,41.357330322265625,43.38547897338867,2.028148651123047,0.0,100.0,10.0,0.0,7.2,4.0
GGGAGGGTTTGGGCGGG,GGGAGGGTTTGGGTGGG,13,C,T,40.8,40.2,-0.5999999999999943,44.08173751831055,43.38547897338867,-0.696258544921875,0.0,100.0,10.0,0.0,7.2,4.0
GGGAGGGTTTGGGCGGG,GGGCGGGTTTGGGCGGG,3,A,C,40.8,52.6,11.800000000000004,44.08173751831055,54.7320556640625,10.650318145751953,0.0,100.0,10.0,0.0,7.2,4.0
GGGAGGGTTTGGGCGGG,GGGTGGGTTTGGGCGGG,3,A,T,40.8,47.1,6.300000000000004,44.08173751831055,47.63278198242188,3.5510444641113352,0.0,100.0,10.0,0.0,7.2,4.0
GGGAGGGTTTGGGTGGG,GGGCGGGTTTGGGTGGG,3,A,C,40.2,47.4,7.199999999999996,43.38547897338867,47.63278198242188,4.24730300903321,0.0,100.0,10.0,0.0,7.2,4.0
GGGAGGGTTTGGGTGGG,GGGTGGGTTTGGGTGGG,3,A,T,40.2,46.26666666666667,6.06666666666667,43.38547897338867,47.029239654541016,3.6437606811523438,0.0,100.0,10.0,0.0,7.2,4.0
GGGCGGGTTTGGGAGGG,GGGCGGGTTTGGGCGGG,13,A,C,43.2,52.6,9.399999999999999,44.08173751831055,54.7320556640625,10.650318145751953,0.0,100.0,10.0,0.0,7.2,4.0
GGGCGGGTTTGGGAGGG,GGGCGGGTTTGGGTGGG,13,A,T,43.2,47.4,4.199999999999996,44.08173751831055,47.63278198242188,3.5510444641113352,0.0,100.0,10.0,0.0,7.2,4.0
GGGCGGGTTTGGGAGGG,GGGTGGGTTTGGGAGGG,3,C,T,43.2,39.5,-3.700000000000003,44.08173751831055,43.38547897338867,-0.696258544921875,0.0,100.0,10.0,0.0,7.2,4.0
GGGCGGGTTTGGGCGGG,GGGCGGGTTTGGGTGGG,13,C,T,52.6,47.4,-5.200000000000003,54.7320556640625,47.63278198242188,-7.099273681640618,0.0,100.0,10.0,0.0,7.2,4.0
GGGCGGGTTTGGGCGGG,GGGTGGGTTTGGGCGGG,3,C,T,52.6,47.1,-5.5,54.7320556640625,47.63278198242188,-7.099273681640618,0.0,100.0,10.0,0.0,7.2,4.0
GGGCGGGTTTGGGTGGG,GGGTGGGTTTGGGTGGG,3,C,T,47.4,46.26666666666667,-1.1333333333333258,47.63278198242188,47.029239654541016,-0.6035423278808665,0.0,100.0,10.0,0.0,7.2,4.0
GGGTGGGTTTGGGAGGG,GGGTGGGTTTGGGCGGG,13,A,C,39.5,47.1,7.600000000000001,43.38547897338867,47.63278198242188,4.24730300903321,0.0,100.0,10.0,0.0,7.2,4.0
GGGTGGGTTTGGGAGGG,GGGTGGGTTTGGGTGGG,13,A,T,39.5,46.26666666666667,6.766666666666673,43.38547897338867,47.029239654541016,3.6437606811523438,0.0,100.0,10.0,0.0,7.2,4.0
GGGTGGGTTTGGGCGGG,GGGTGGGTTTGGGTGGG,13,C,T,47.1,46.26666666666667,-0.8333333333333286,47.63278198242188,47.029239654541016,-0.6035423278808665,0.0,100.0,10.0,0.0,7.2,4.0
GGGAGGGTTTTTTGGGAGGG,GGGAGGGTTTTTTGGGCGGG,16,A,C,29.5,37.2,7.700000000000003,36.68505859375,38.00460815429688,1.319549560546882,0.0,100.0,10.0,0.0,7.2,4.0
GGGAGGGTTTTTTGGGAGGG,GGGAGGGTTTTTTGGGTGGG,16,A,T,29.5,34.0,4.5,36.68505859375,35.935420989990234,-0.7496376037597656,0.0,100.0,10.0,0.0,7.2,4.0
GGGAGGGTTTTTTGGGAGGG,GGGCGGGTTTTTTGGGAGGG,3,A,C,29.5,39.5,10.0,36.68505859375,38.00460815429688,1.319549560546882,0.0,100.0,10.0,0.0,7.2,4.0
GGGAGGGTTTTTTGGGAGGG,GGGTGGGTTTTTTGGGAGGG,3,A,T,29.5,34.0,4.5,36.68505859375,35.935420989990234,-0.7496376037597656,0.0,100.0,10.0,0.0,7.2,4.0
GGGAGGGTTTTTTGGGCGGG,GGGAGGGTTTTTTGGGTGGG,16,C,T,37.2,34.0,-3.200000000000003,38.00460815429688,35.935420989990234,-2.0691871643066477,0.0,100.0,10.0,0.0,7.2,4.0
GGGAGGGTTTTTTGGGCGGG,GGGCGGGTTTTTTGGGCGGG,3,A,C,37.2,50.5,13.299999999999997,38.00460815429688,45.77669906616211,7.772090911865227,0.0,100.0,10.0,0.0,7.2,4.0
GGGAGGGTTTTTTGGGCGGG,GGGTGGGTTTTTTGGGCGGG,3,A,T,37.2,43.5,6.299999999999997,38.00460815429688,44.27961349487305,6.275005340576165,0.0,100.0,10.0,0.0,7.2,4.0
GGGAGGGTTTTTTGGGTGGG,GGGCGGGTTTTTTGGGTGGG,3,A,C,34.0,43.0,9.0,35.935420989990234,44.27961349487305,8.344192504882812,0.0,100.0,10.0,0.0,7.2,4.0
GGGAGGGTTTTTTGGGTGGG,GGGTGGGTTTTTTGGGTGGG,3,A,T,34.0,40.15,6.149999999999999,35.935420989990234,41.94745635986328,6.012035369873047,0.0,100.0,10.0,0.0,7.2,4.0
GGGCGGGTTTTTTGGGAGGG,GGGCGGGTTTTTTGGGCGGG,16,A,C,39.5,50.5,11.0,38.00460815429688,45.77669906616211,7.772090911865227,0.0,100.0,10.0,0.0,7.2,4.0
GGGCGGGTTTTTTGGGAGGG,GGGCGGGTTTTTTGGGTGGG,16,A,T,39.5,43.0,3.5,38.00460815429688,44.27961349487305,6.275005340576165,0.0,100.0,10.0,0.0,7.2,4.0
GGGCGGGTTTTTTGGGAGGG,GGGTGGGTTTTTTGGGAGGG,3,C,T,39.5,34.0,-5.5,38.00460815429688,35.935420989990234,-2.0691871643066477,0.0,100.0,10.0,0.0,7.2,4.0
GGGCGGGTTTTTTGGGCGGG,GGGCGGGTTTTTTGGGTGGG,16,C,T,50.5,43.0,-7.5,45.77669906616211,44.27961349487305,-1.4970855712890625,0.0,100.0,10.0,0.0,7.2,4.0
GGGCGGGTTTTTTGGGCGGG,GGGTGGGTTTTTTGGGCGGG,3,C,T,50.5,43.5,-7.0,45.77669906616211,44.27961349487305,-1.4970855712890625,0.0,100.0,10.0,0.0,7.2,4.0
GGGCGGGTTTTTTGGGTGGG,GGGTGGGTTTTTTGGGTGGG,3,C,T,43.0,40.15,-2.8500000000000014,44.27961349487305,41.94745635986328,-2.3321571350097656,0.0,100.0,10.0,0.0,7.2,4.0
GGGTGGGTTTTTTGGGAGGG,GGGTGGGTTTTTTGGGCGGG,16,A,C,34.0,43.5,9.5,35.935420989990234,44.27961349487305,8.344192504882812,0.0,100.0,10.0,0.0,7.2,4.0
GGGTGGGTTTTTTGGGAGGG,GGGTGGGTTTTTTGGGTGGG,16,A,T,34.0,40.15,6.149999999999999,35.935420989990234,41.94745635986328,6.012035369873047,0.0,100.0,10.0,0.0,7.2,4.0
GGGTGGGTTTTTTGGGCGGG,GGGTGGGTTTTTTGGGTGGG,16,C,T,43.5,40.15,-3.3500000000000014,44.27961349487305,41.94745635986328,-2.3321571350097656,0.0,100.0,10.0,0.0,7.2,4.0
GGGACTGGGTTTGGGTTTGGG,GGGATTGGGTTTGGGTTTGGG,4,C,T,45.5,46.8,1.2999999999999972,45.27226257324219,46.16070556640625,0.8884429931640625,0.0,100.0,10.0,0.0,7.2,5.0
GGGATTGGGTTTGGGTTTGGG,GGGTTTGGGTTTGGGTTTGGG,3,A,T,46.8,49.65,2.8500000000000014,46.16070556640625,49.37776184082031,3.2170562744140625,0.0,100.0,10.0,0.0,7.2,5.0
GGGTTAGGGTCAGGGTTAGGG,GGGTTAGGGTTAGGGTTAGGG,10,C,T,57.5,59.0,1.5,53.977169036865234,53.45188903808594,-0.5252799987792969,0.0,100.0,10.0,0.0,7.2,5.0
GGGTTTGGGAAAGGGTTTGGG,GGGTTTGGGAACGGGTTTGGG,11,A,C,44.8,49.3,4.5,47.94552612304688,47.7036247253418,-0.24190139770508523,0.0,100.0,10.0,0.0,7.2,5.0
GGGTTTGGGAAAGGGTTTGGG,GGGTTTGGGAATGGGTTTGGG,11,A,T,44.8,44.8,0.0,47.94552612304688,46.47126388549805,-1.4742622375488352,0.0,100.0,10.0,0.0,7.2,5.0
GGGTTTGGGAAAGGGTTTGGG,GGGTTTGGGACAGGGTTTGGG,10,A,C,44.8,45.1,0.30000000000000426,47.94552612304688,46.758426666259766,-1.1870994567871165,0.0,100.0,10.0,0.0,7.2,5.0
GGGTTTGGGAAAGGGTTTGGG,GGGTTTGGGAGAGGGTTTGGG,10,A,G,44.8,45.5,0.7000000000000028,47.94552612304688,46.22457885742188,-1.720947265625,0.0,100.0,10.0,0.0,7.2,5.0
GGGTTTGGGAAAGGGTTTGGG,GGGTTTGGGATAGGGTTTGGG,10,A,T,44.8,46.3,1.5,47.94552612304688,46.61613464355469,-1.3293914794921946,0.0,100.0,10.0,0.0,7.2,5.0
GGGTTTGGGAAAGGGTTTGGG,GGGTTTGGGCAAGGGTTTGGG,9,A,C,44.8,50.1,5.300000000000004,47.94552612304688,50.29738998413086,2.3518638610839773,0.0,100.0,10.0,0.0,7.2,5.0
GGGTTTGGGAAAGGGTTTGGG,GGGTTTGGGTAAGGGTTTGGG,9,A,T,44.8,49.9,5.100000000000001,47.94552612304688,51.23819351196289,3.2926673889160085,0.0,100.0,10.0,0.0,7.2,5.0
GGGTTTGGGAACGGGTTTGGG,GGGTTTGGGAATGGGTTTGGG,11,C,T,49.3,44.8,-4.5,47.7036247253418,46.47126388549805,-1.23236083984375,0.0,100.0,10.0,0.0,7.2,5.0
GGGTTTGGGAACGGGTTTGGG,GGGTTTGGGACCGGGTTTGGG,10,A,C,49.3,48.6,-0.6999999999999957,47.7036247253418,47.50382614135742,-0.199798583984375,0.0,100.0,10.0,0.0,7.2,5.0
GGGTTTGGGAACGGGTTTGGG,GGGTTTGGGAGCGGGTTTGGG,10,A,G,49.3,50.0,0.7000000000000028,47.7036247253418,46.95420837402344,-0.7494163513183594,0.0,100.0,10.0,0.0,7.2,5.0
GGGTTTGGGAACGGGTTTGGG,GGGTTTGGGATCGGGTTTGGG,10,A,T,49.3,49.7,0.4000000000000057,47.7036247253418,48.16665649414063,0.46303176879883523,0.0,100.0,10.0,0.0,7.2,5.0
GGGTTTGGGAACGGGTTTGGG,GGGTTTGGGCACGGGTTTGGG,9,A,C,49.3,53.6,4.300000000000004,47.7036247253418,51.45660781860352,3.752983093261726,0.0,100.0,10.0,0.0,7.2,5.0
GGGTTTGGGAACGGGTTTGGG,GGGTTTGGGTACGGGTTTGGG,9,A,T,49.3,53.3,4.0,47.7036247253418,51.472354888916016,3.7687301635742188,0.0,100.0,10.0,0.0,7.2,5.0
GGGTTTGGGAATGGGTTTGGG,GGGTTTGGGACTGGGTTTGGG,10,A,C,44.8,45.9,1.1000000000000014,46.47126388549805,45.27226257324219,-1.1990013122558594,0.0,100.0,10.0,0.0,7.2,5.0
GGGTTTGGGAATGGGTTTGGG,GGGTTTGGGAGTGGGTTTGGG,10,A,G,44.8,47.3,2.5,46.47126388549805,46.33383560180664,-0.13742828369140625,0.0,100.0,10.0,0.0,7.2,5.0
GGGTTTGGGAATGGGTTTGGG,GGGTTTGGGATTGGGTTTGGG,10,A,T,44.8,45.8,1.0,46.47126388549805,46.16070556640625,-0.3105583190917969,0.0,100.0,10.0,0.0,7.2,5.0
GGGTTTGGGAATGGGTTTGGG,GGGTTTGGGCATGGGTTTGGG,9,A,C,44.8,50.8,6.0,46.47126388549805,50.00635147094727,3.535087585449226,0.0,100.0,10.0,0.0,7.2,5.0
GGGTTTGGGAATGGGTTTGGG,GGGTTTGGGTATGGGTTTGGG,9,A,T,44.8,49.9,5.100000000000001,46.47126388549805,48.5323600769043,2.06109619140625,0.0,100.0,10.0,0.0,7.2,5.0
GGGTTTGGGACAGGGTTTGGG,GGGTTTGGGACCGGGTTTGGG,11,A,C,45.1,48.6,3.5,46.758426666259766,47.50382614135742,0.7453994750976562,0.0,100.0,10.0,0.0,7.2,5.0
GGGTTTGGGACAGGGTTTGGG,GGGTTTGGGACTGGGTTTGGG,11,A,T,45.1,45.9,0.7999999999999972,46.758426666259766,45.27226257324219,-1.4861640930175781,0.0,100.0,10.0,0.0,7.2,5.0
GGGTTTGGGACAGGGTTTGGG,GGGTTTGGGAGAGGGTTTGGG,10,C,G,45.1,45.5,0.3999999999999986,46.758426666259766,46.22457885742188,-0.5338478088378835,0.0,100.0,10.0,0.0,7.2,5.0
GGGTTTGGGACAGGGTTTGGG,GGGTTTGGGATAGGGTTTGGG,10,C,T,45.1,46.3,1.1999999999999957,46.758426666259766,46.61613464355469,-0.14229202270507812,0.0,100.0,10.0,0.0,7.2,5.0
GGGTTTGGGACAGGGTTTGGG,GGGTTTGGGCCAGGGTTTGGG,9,A,C,45.1,48.4,3.299999999999997,46.758426666259766,51.11016845703125,4.351741790771484,0.0,100.0,10.0,0.0,7.2,5.0
GGGTTTGGGACAGGGTTTGGG,GGGTTTGGGTCAGGGTTTGGG,9,A,T,45.1,50.0,4.899999999999999,46.758426666259766,49.83596420288086,3.0775375366210938,0.0,100.0,10.0,0.0,7.2,5.0
GGGTTTGGGACCGGGTTTGGG,GGGTTTGGGACTGGGTTTGGG,11,C,T,48.6,45.9,-2.700000000000003,47.50382614135742,45.27226257324219,-2.2315635681152344,0.0,100.0,10.0,0.0,7.2,5.0
GGGTTTGGGACCGGGTTTGGG,GGGTTTGGGAGCGGGTTTGGG,10,C,G,48.6,50.0,1.3999999999999986,47.50382614135742,46.95420837402344,-0.5496177673339844,0.0,100.0,10.0,0.0,7.2,5.0
GGGTTTGGGACCGGGTTTGGG,GGGTTTGGGATCGGGTTTGGG,10,C,T,48.6,49.7,1.1000000000000014,47.50382614135742,48.16665649414063,0.6628303527832102,0.0,100.0,10.0,0.0,7.2,5.0
GGGTTTGGGACCGGGTTTGGG,GGGTTTGGGCCCGGGTTTGGG,9,A,C,48.6,49.8,1.1999999999999957,47.50382614135742,48.81525802612305,1.311431884765625,0.0,100.0,10.0,0.0,7.2,5.0
GGGTTTGGGACCGGGTTTGGG,GGGTTTGGGTCCGGGTTTGGG,9,A,T,48.6,51.8,3.1999999999999957,47.50382614135742,51.57098007202149,4.06715393066407,0.0,100.0,10.0,0.0,7.2,5.0
GGGTTTGGGACTGGGTTTGGG,GGGTTTGGGAGTGGGTTTGGG,10,C,G,45.9,47.3,1.3999999999999986,45.27226257324219,46.33383560180664,1.0615730285644531,0.0,100.0,10.0,0.0,7.2,5.0
GGGTTTGGGACTGGGTTTGGG,GGGTTTGGGATTGGGTTTGGG,10,C,T,45.9,45.8,-0.10000000000000142,45.27226257324219,46.16070556640625,0.8884429931640625,0.0,100.0,10.0,0.0,7.2,5.0
GGGTTTGGGACTGGGTTTGGG,GGGTTTGGGCCTGGGTTTGGG,9,A,C,45.9,49.5,3.6000000000000014,45.27226257324219,49.49171447753906,4.219451904296875,0.0,100.0,10.0,0.0,7.2,5.0
GGGTTTGGGACTGGGTTTGGG,GGGTTTGGGTCTGGGTTTGGG,9,A,T,45.9,47.9,2.0,45.27226257324219,49.734405517578125,4.4621429443359375,0.0,100.0,10.0,0.0,7.2,5.0
GGGTTTGGGAGAGGGTTTGGG,GGGTTTGGGAGCGGGTTTGGG,11,A,C,45.5,50.0,4.5,46.22457885742188,46.95420837402344,0.7296295166015554,0.0,100.0,10.0,0.0,7.2,5.0
GGGTTTGGGAGAGGGTTTGGG,GGGTTTGGGAGTGGGTTTGGG,11,A,T,45.5,47.3,1.7999999999999972,46.22457885742188,46.33383560180664,0.10925674438475852,0.0,100.0,10.0,0.0,7.2,5.0
GGGTTTGGGAGAGGGTTTGGG,GGGTTTGGGATAGGGTTTGGG,10,G,T,45.5,46.3,0.7999999999999972,46.22457885742188,46.61613464355469,0.3915557861328054,0.0,100.0,10.0,0.0,7.2,5.0
GGGTTTGGGAGAGGGTTTGGG,GGGTTTGGGCGAGGGTTTGGG,9,A,C,45.5,49.8,4.299999999999997,46.22457885742188,49.41160583496094,3.1870269775390554,0.0,100.0,10.0,0.0,7.2,5.0
GGGTTTGGGAGAGGGTTTGGG,GGGTTTGGGTGAGGGTTTGGG,9,A,T,45.5,50.4,4.899999999999999,46.22457885742188,52.05250549316406,5.82792663574218,0.0,100.0,10.0,0.0,7.2,5.0
GGGTTTGGGAGCGGGTTTGGG,GGGTTTGGGAGTGGGTTTGGG,11,C,T,50.0,47.3,-2.700000000000003,46.95420837402344,46.33383560180664,-0.6203727722167969,0.0,100.0,10.0,0.0,7.2,5.0
GGGTTTGGGAGCGGGTTTGGG,GGGTTTGGGATCGGGTTTGGG,10,G,T,50.0,49.7,-0.29999999999999716,46.95420837402344,48.16665649414063,1.2124481201171946,0.0,100.0,10.0,0.0,7.2,5.0
GGGTTTGGGAGCGGGTTTGGG,GGGTTTGGGCGCGGGTTTGGG,9,A,C,50.0,54.9,4.899999999999999,46.95420837402344,54.05900573730469,7.10479736328125,0.0,100.0,10.0,0.0,7.2,5.0
GGGTTTGGGAGCGGGTTTGGG,GGGTTTGGGTGCGGGTTTGGG,9,A,T,50.0,54.0,4.0,46.95420837402344,54.8863410949707,7.932132720947266,0.0,100.0,10.0,0.0,7.2,5.0
GGGTTTGGGAGTGGGTTTGGG,GGGTTTGGGATTGGGTTTGGG,10,G,T,47.3,45.8,-1.5,46.33383560180664,46.16070556640625,-0.17313003540039062,0.0,100.0,10.0,0.0,7.2,5.0
GGGTTTGGGAGTGGGTTTGGG,GGGTTTGGGCGTGGGTTTGGG,9,A,C,47.3,53.0,5.700000000000003,46.33383560180664,50.18861770629883,3.8547821044921875,0.0,100.0,10.0,0.0,7.2,5.0
GGGTTTGGGAGTGGGTTTGGG,GGGTTTGGGTGTGGGTTTGGG,9,A,T,47.3,52.0,4.700000000000003,46.33383560180664,49.33047866821289,2.99664306640625,0.0,100.0,10.0,0.0,7.2,5.0
GGGTTTGGGATAGGGTTTGGG,GGGTTTGGGATCGGGTTTGGG,11,A,C,46.3,49.7,3.4000000000000057,46.61613464355469,48.16665649414063,1.5505218505859446,0.0,100.0,10.0,0.0,7.2,5.0
GGGTTTGGGATAGGGTTTGGG,GGGTTTGGGATTGGGTTTGGG,11,A,T,46.3,45.8,-0.5,46.61613464355469,46.16070556640625,-0.4554290771484375,0.0,100.0,10.0,0.0,7.2,5.0
GGGTTTGGGATAGGGTTTGGG,GGGTTTGGGCTAGGGTTTGGG,9,A,C,46.3,50.5,4.200000000000003,46.61613464355469,52.01353073120117,5.397396087646484,0.0,100.0,10.0,0.0,7.2,5.0
GGGTTTGGGATAGGGTTTGGG,GGGTTTGGGTTAGGGTTTGGG,9,A,T,46.3,51.3,5.0,46.61613464355469,50.95289993286133,4.336765289306641,0.0,100.0,10.0,0.0,7.2,5.0
GGGTTTGGGATCGGGTTTGGG,GGGTTTGGGATTGGGTTTGGG,11,C,T,49.7,45.8,-3.9000000000000057,48.16665649414063,46.16070556640625,-2.005950927734382,0.0,100.0,10.0,0.0,7.2,5.0
GGGTTTGGGATCGGGTTTGGG,GGGTTTGGGCTCGGGTTTGGG,9,A,C,49.7,53.6,3.8999999999999986,48.16665649414063,52.11424255371094,3.9475860595703054,0.0,100.0,10.0,0.0,7.2,5.0
GGGTTTGGGATCGGGTTTGGG,GGGTTTGGGTTCGGGTTTGGG,9,A,T,49.7,53.9,4.199999999999996,48.16665649414063,51.8571891784668,3.6905326843261648,0.0,100.0,10.0,0.0,7.2,5.0
GGGTTTGGGATTGGGTTTGGG,GGGTTTGGGCTTGGGTTTGGG,9,A,C,45.8,53.4,7.600000000000001,46.16070556640625,49.3008918762207,3.140186309814453,0.0,100.0,10.0,0.0,7.2,5.0
GGGTTTGGGATTGGGTTTGGG,GGGTTTGGGTTTGGGTTTGGG,9,A,T,45.8,49.65,3.8500000000000014,46.16070556640625,49.37776184082031,3.2170562744140625,0.0,100.0,10.0,0.0,7.2,5.0
GGGTTTGGGCAAGGGTTTGGG,GGGTTTGGGCACGGGTTTGGG,11,A,C,50.1,53.6,3.5,50.29738998413086,51.45660781860352,1.1592178344726634,0.0,100.0,10.0,0.0,7.2,5.0
GGGTTTGGGCAAGGGTTTGGG,GGGTTTGGGCATGGGTTTGGG,11,A,T,50.1,50.8,0.6999999999999957,50.29738998413086,50.00635147094727,-0.29103851318358664,0.0,100.0,10.0,0.0,7.2,5.0
GGGTTTGGGCAAGGGTTTGGG,GGGTTTGGGCCAGGGTTTGGG,10,A,C,50.1,48.4,-1.7000000000000028,50.29738998413086,51.11016845703125,0.8127784729003906,0.0,100.0,10.0,0.0,7.2,5.0
GGGTTTGGGCAAGGGTTTGGG,GGGTTTGGGCGAGGGTTTGGG,10,A,G,50.1,49.8,-0.30000000000000426,50.29738998413086,49.41160583496094,-0.8857841491699219,0.0,100.0,10.0,0.0,7.2,5.0
GGGTTTGGGCAAGGGTTTGGG,GGGTTTGGGCTAGGGTTTGGG,10,A,T,50.1,50.5,0.3999999999999986,50.29738998413086,52.01353073120117,1.7161407470703125,0.0,100.0,10.0,0.0,7.2,5.0
GGGTTTGGGCAAGGGTTTGGG,GGGTTTGGGTAAGGGTTTGGG,9,C,T,50.1,49.9,-0.20000000000000284,50.29738998413086,51.23819351196289,0.9408035278320312,0.0,100.0,10.0,0.0,7.2,5.0
GGGTTTGGGCACGGGTTTGGG,GGGTTTGGGCATGGGTTTGGG,11,C,T,53.6,50.8,-2.8000000000000043,51.45660781860352,50.00635147094727,-1.45025634765625,0.0,100.0,10.0,0.0,7.2,5.0
GGGTTTGGGCACGGGTTTGGG,GGGTTTGGGCCCGGGTTTGGG,10,A,C,53.6,49.8,-3.8000000000000043,51.45660781860352,48.81525802612305,-2.641349792480476,0.0,100.0,10.0,0.0,7.2,5.0
GGGTTTGGGCACGGGTTTGGG,GGGTTTGGGCGCGGGTTTGGG,10,A,G,53.6,54.9,1.2999999999999972,51.45660781860352,54.05900573730469,2.6023979187011648,0.0,100.0,10.0,0.0,7.2,5.0
GGGTTTGGGCACGGGTTTGGG,GGGTTTGGGCTCGGGTTTGGG,10,A,T,53.6,53.6,0.0,51.45660781860352,52.11424255371094,0.6576347351074148,0.0,100.0,10.0,0.0,7.2,5.0
GGGTTTGGGCACGGGTTTGGG,GGGTTTGGGTACGGGTTTGGG,9,C,T,53.6,53.3,-0.30000000000000426,51.45660781860352,51.472354888916016,0.015747070312492895,0.0,100.0,10.0,0.0,7.2,5.0
GGGTTTGGGCATGGGTTTGGG,GGGTTTGGGCCTGGGTTTGGG,10,A,C,50.8,49.5,-1.2999999999999972,50.00635147094727,49.49171447753906,-0.5146369934082102,0.0,100.0,10.0,0.0,7.2,5.0
GGGTTTGGGCATGGGTTTGGG,GGGTTTGGGCGTGGGTTTGGG,10,A,G,50.8,53.0,2.200000000000003,50.00635147094727,50.18861770629883,0.1822662353515554,0.0,100.0,10.0,0.0,7.2,5.0
GGGTTTGGGCATGGGTTTGGG,GGGTTTGGGCTTGGGTTTGGG,10,A,T,50.8,53.4,2.6000000000000014,50.00635147094727,49.3008918762207,-0.7054595947265696,0.0,100.0,10.0,0.0,7.2,5.0
GGGTTTGGGCATGGGTTTGGG,GGGTTTGGGTATGGGTTTGGG,9,C,T,50.8,49.9,-0.8999999999999986,50.00635147094727,48.5323600769043,-1.4739913940429759,0.0,100.0,10.0,0.0,7.2,5.0
GGGTTTGGGCCAGGGTTTGGG,GGGTTTGGGCCCGGGTTTGGG,11,A,C,48.4,49.8,1.3999999999999986,51.11016845703125,48.81525802612305,-2.294910430908203,0.0,100.0,10.0,0.0,7.2,5.0
GGGTTTGGGCCAGGGTTTGGG,GGGTTTGGGCCTGGGTTTGGG,11,A,T,48.4,49.5,1.1000000000000014,51.11016845703125,49.49171447753906,-1.6184539794921875,0.0,100.0,10.0,0.0,7.2,5.0
GGGTTTGGGCCAGGGTTTGGG,GGGTTTGGGCGAGGGTTTGGG,10,C,G,48.4,49.8,1.3999999999999986,51.11016845703125,49.41160583496094,-1.6985626220703125,0.0,100.0,10.0,0.0,7.2,5.0
GGGTTTGGGCCAGGGTTTGGG,GGGTTTGGGCTAGGGTTTGGG,10,C,T,48.4,50.5,2.1000000000000014,51.11016845703125,52.01353073120117,0.9033622741699219,0.0,100.0,10.0,0.0,7.2,5.0
GGGTTTGGGCCAGGGTTTGGG,GGGTTTGGGTCAGGGTTTGGG,9,C,T,48.4,50.0,1.6000000000000014,51.11016845703125,49.83596420288086,-1.2742042541503906,0.0,100.0,10.0,0.0,7.2,5.0
GGGTTTGGGCCCGGGTTTGGG,GGGTTTGGGCCTGGGTTTGGG,11,C,T,49.8,49.5,-0.29999999999999716,48.81525802612305,49.49171447753906,0.6764564514160156,0.0,100.0,10.0,0.0,7.2,5.0
GGGTTTGGGCCCGGGTTTGGG,GGGTTTGGGCGCGGGTTTGGG,10,C,G,49.8,54.9,5.100000000000001,48.81525802612305,54.05900573730469,5.243747711181641,0.0,100.0,10.0,0.0,7.2,5.0
GGGTTTGGGCCCGGGTTTGGG,GGGTTTGGGCTCGGGTTTGGG,10,C,T,49.8,53.6,3.8000000000000043,48.81525802612305,52.11424255371094,3.2989845275878906,0.0,100.0,10.0,0.0,7.2,5.0
GGGTTTGGGCCCGGGTTTGGG,GGGTTTGGGTCCGGGTTTGGG,9,C,T,49.8,51.8,2.0,48.81525802612305,51.57098007202149,2.7557220458984446,0.0,100.0,10.0,0.0,7.2,5.0
GGGTTTGGGCCTGGGTTTGGG,GGGTTTGGGCGTGGGTTTGGG,10,C,G,49.5,53.0,3.5,49.49171447753906,50.18861770629883,0.6969032287597656,0.0,100.0,10.0,0.0,7.2,5.0
GGGTTTGGGCCTGGGTTTGGG,GGGTTTGGGCTTGGGTTTGGG,10,C,T,49.5,53.4,3.8999999999999986,49.49171447753906,49.3008918762207,-0.19082260131835938,0.0,100.0,10.0,0.0,7.2,5.0
GGGTTTGGGCCTGGGTTTGGG,GGGTTTGGGTCTGGGTTTGGG,9,C,T,49.5,47.9,-1.6000000000000014,49.49171447753906,49.734405517578125,0.2426910400390625,0.0,100.0,10.0,0.0,7.2,5.0
GGGTTTGGGCGAGGGTTTGGG,GGGTTTGGGCGCGGGTTTGGG,11,A,C,49.8,54.9,5.100000000000001,49.41160583496094,54.05900573730469,4.64739990234375,0.0,100.0,10.0,0.0,7.2,5.0
GGGTTTGGGCGAGGGTTTGGG,GGGTTTGGGCGTGGGTTTGGG,11,A,T,49.8,53.0,3.200000000000003,49.41160583496094,50.18861770629883,0.7770118713378906,0.0,100.0,10.0,0.0,7.2,5.0
GGGTTTGGGCGAGGGTTTGGG,GGGTTTGGGCTAGGGTTTGGG,10,G,T,49.8,50.5,0.7000000000000028,49.41160583496094,52.01353073120117,2.6019248962402344,0.0,100.0,10.0,0.0,7.2,5.0
GGGTTTGGGCGAGGGTTTGGG,GGGTTTGGGTGAGGGTTTGGG,9,C,T,49.8,50.4,0.6000000000000014,49.41160583496094,52.05250549316406,2.640899658203125,0.0,100.0,10.0,0.0,7.2,5.0
GGGTTTGGGCGCGGGTTTGGG,GGGTTTGGGCGTGGGTTTGGG,11,C,T,54.9,53.0,-1.8999999999999986,54.05900573730469,50.18861770629883,-3.8703880310058594,0.0,100.0,10.0,0.0,7.2,5.0
GGGTTTGGGCGCGGGTTTGGG,GGGTTTGGGCTCGGGTTTGGG,10,G,T,54.9,53.6,-1.2999999999999972,54.05900573730469,52.11424255371094,-1.94476318359375,0.0,100.0,10.0,0.0,7.2,5.0
GGGTTTGGGCGCGGGTTTGGG,GGGTTTGGGTGCGGGTTTGGG,9,C,T,54.9,54.0,-0.8999999999999986,54.05900573730469,54.8863410949707,0.8273353576660156,0.0,100.0,10.0,0.0,7.2,5.0
GGGTTTGGGCGTGGGTTTGGG,GGGTTTGGGCTTGGGTTTGGG,10,G,T,53.0,53.4,0.3999999999999986,50.18861770629883,49.3008918762207,-0.887725830078125,0.0,100.0,10.0,0.0,7.2,5.0
GGGTTTGGGCGTGGGTTTGGG,GGGTTTGGGTGTGGGTTTGGG,9,C,T,53.0,52.0,-1.0,50.18861770629883,49.33047866821289,-0.8581390380859375,0.0,100.0,10.0,0.0,7.2,5.0
GGGTTTGGGCTAGGGTTTGGG,GGGTTTGGGCTCGGGTTTGGG,11,A,C,50.5,53.6,3.1000000000000014,52.01353073120117,52.11424255371094,0.10071182250976562,0.0,100.0,10.0,0.0,7.2,5.0
GGGTTTGGGCTAGGGTTTGGG,GGGTTTGGGCTTGGGTTTGGG,11,A,T,50.5,53.4,2.8999999999999986,52.01353073120117,49.3008918762207,-2.7126388549804688,0.0,100.0,10.0,0.0,7.2,5.0
GGGTTTGGGCTAGGGTTTGGG,GGGTTTGGGTTAGGGTTTGGG,9,C,T,50.5,51.3,0.7999999999999972,52.01353073120117,50.95289993286133,-1.0606307983398438,0.0,100.0,10.0,0.0,7.2,5.0
GGGTTTGGGCTCGGGTTTGGG,GGGTTTGGGCTTGGGTTTGGG,11,C,T,53.6,53.4,-0.20000000000000284,52.11424255371094,49.3008918762207,-2.8133506774902344,0.0,100.0,10.0,0.0,7.2,5.0
GGGTTTGGGCTCGGGTTTGGG,GGGTTTGGGTTCGGGTTTGGG,9,C,T,53.6,53.9,0.29999999999999716,52.11424255371094,51.8571891784668,-0.2570533752441406,0.0,100.0,10.0,0.0,7.2,5.0
GGGTTTGGGCTTGGGTTTGGG,GGGTTTGGGTTTGGGTTTGGG,9,C,T,53.4,49.65,-3.75,49.3008918762207,49.37776184082031,0.07686996459960938,0.0,100.0,10.0,0.0,7.2,5.0
GGGTTTGGGTAAGGGTTTGGG,GGGTTTGGGTACGGGTTTGGG,11,A,C,49.9,53.3,3.3999999999999986,51.23819351196289,51.472354888916016,0.234161376953125,0.0,100.0,10.0,0.0,7.2,5.0
GGGTTTGGGTAAGGGTTTGGG,GGGTTTGGGTATGGGTTTGGG,11,A,T,49.9,49.9,0.0,51.23819351196289,48.5323600769043,-2.7058334350585938,0.0,100.0,10.0,0.0,7.2,5.0
GGGTTTGGGTAAGGGTTTGGG,GGGTTTGGGTCAGGGTTTGGG,10,A,C,49.9,50.0,0.10000000000000142,51.23819351196289,49.83596420288086,-1.4022293090820312,0.0,100.0,10.0,0.0,7.2,5.0
GGGTTTGGGTAAGGGTTTGGG,GGGTTTGGGTGAGGGTTTGGG,10,A,G,49.9,50.4,0.5,51.23819351196289,52.05250549316406,0.8143119812011719,0.0,100.0,10.0,0.0,7.2,5.0
GGGTTTGGGTAAGGGTTTGGG,GGGTTTGGGTTAGGGTTTGGG,10,A,T,49.9,51.3,1.3999999999999986,51.23819351196289,50.95289993286133,-0.2852935791015625,0.0,100.0,10.0,0.0,7.2,5.0
GGGTTTGGGTACGGGTTTGGG,GGGTTTGGGTATGGGTTTGGG,11,C,T,53.3,49.9,-3.3999999999999986,51.472354888916016,48.5323600769043,-2.9399948120117188,0.0,100.0,10.0,0.0,7.2,5.0
GGGTTTGGGTACGGGTTTGGG,GGGTTTGGGTCCGGGTTTGGG,10,A,C,53.3,51.8,-1.5,51.472354888916016,51.57098007202149,0.09862518310547586,0.0,100.0,10.0,0.0,7.2,5.0
GGGTTTGGGTACGGGTTTGGG,GGGTTTGGGTGCGGGTTTGGG,10,A,G,53.3,54.0,0.7000000000000028,51.472354888916016,54.8863410949707,3.4139862060546875,0.0,100.0,10.0,0.0,7.2,5.0
GGGTTTGGGTACGGGTTTGGG,GGGTTTGGGTTCGGGTTTGGG,10,A,T,53.3,53.9,0.6000000000000014,51.472354888916016,51.8571891784668,0.38483428955078125,0.0,100.0,10.0,0.0,7.2,5.0
GGGTTTGGGTATGGGTTTGGG,GGGTTTGGGTCTGGGTTTGGG,10,A,C,49.9,47.9,-2.0,48.5323600769043,49.734405517578125,1.2020454406738281,0.0,100.0,10.0,0.0,7.2,5.0
GGGTTTGGGTATGGGTTTGGG,GGGTTTGGGTGTGGGTTTGGG,10,A,G,49.9,52.0,2.1000000000000014,48.5323600769043,49.33047866821289,0.7981185913085938,0.0,100.0,10.0,0.0,7.2,5.0
GGGTTTGGGTATGGGTTTGGG,GGGTTTGGGTTTGGGTTTGGG,10,A,T,49.9,49.65,-0.25,48.5323600769043,49.37776184082031,0.8454017639160156,0.0,100.0,10.0,0.0,7.2,5.0
GGGTTTGGGTCAGGGTTTGGG,GGGTTTGGGTCCGGGTTTGGG,11,A,C,50.0,51.8,1.7999999999999972,49.83596420288086,51.57098007202149,1.735015869140632,0.0,100.0,10.0,0.0,7.2,5.0
GGGTTTGGGTCAGGGTTTGGG,GGGTTTGGGTCTGGGTTTGGG,11,A,T,50.0,47.9,-2.1000000000000014,49.83596420288086,49.734405517578125,-0.10155868530273438,0.0,100.0,10.0,0.0,7.2,5.0
GGGTTTGGGTCAGGGTTTGGG,GGGTTTGGGTGAGGGTTTGGG,10,C,G,50.0,50.4,0.3999999999999986,49.83596420288086,52.05250549316406,2.216541290283203,0.0,100.0,10.0,0.0,7.2,5.0
GGGTTTGGGTCAGGGTTTGGG,GGGTTTGGGTTAGGGTTTGGG,10,C,T,50.0,51.3,1.2999999999999972,49.83596420288086,50.95289993286133,1.1169357299804688,0.0,100.0,10.0,0.0,7.2,5.0
GGGTTTGGGTCCGGGTTTGGG,GGGTTTGGGTCTGGGTTTGGG,11,C,T,51.8,47.9,-3.8999999999999986,51.57098007202149,49.734405517578125,-1.8365745544433665,0.0,100.0,10.0,0.0,7.2,5.0
GGGTTTGGGTCCGGGTTTGGG,GGGTTTGGGTGCGGGTTTGGG,10,C,G,51.8,54.0,2.200000000000003,51.57098007202149,54.8863410949707,3.3153610229492116,0.0,100.0,10.0,0.0,7.2,5.0
GGGTTTGGGTCCGGGTTTGGG,GGGTTTGGGTTCGGGTTTGGG,10,C,T,51.8,53.9,2.1000000000000014,51.57098007202149,51.8571891784668,0.2862091064453054,0.0,100.0,10.0,0.0,7.2,5.0
GGGTTTGGGTCTGGGTTTGGG,GGGTTTGGGTGTGGGTTTGGG,10,C,G,47.9,52.0,4.100000000000001,49.734405517578125,49.33047866821289,-0.4039268493652344,0.0,100.0,10.0,0.0,7.2,5.0
GGGTTTGGGTCTGGGTTTGGG,GGGTTTGGGTTTGGGTTTGGG,10,C,T,47.9,49.65,1.75,49.734405517578125,49.37776184082031,-0.3566436767578125,0.0,100.0,10.0,0.0,7.2,5.0
GGGTTTGGGTGAGGGTTTGGG,GGGTTTGGGTGCGGGTTTGGG,11,A,C,50.4,54.0,3.6000000000000014,52.05250549316406,54.8863410949707,2.8338356018066406,0.0,100.0,10.0,0.0,7.2,5.0
GGGTTTGGGTGAGGGTTTGGG,GGGTTTGGGTGTGGGTTTGGG,11,A,T,50.4,52.0,1.6000000000000014,52.05250549316406,49.33047866821289,-2.722026824951172,0.0,100.0,10.0,0.0,7.2,5.0
GGGTTTGGGTGAGGGTTTGGG,GGGTTTGGGTTAGGGTTTGGG,10,G,T,50.4,51.3,0.8999999999999986,52.05250549316406,50.95289993286133,-1.0996055603027344,0.0,100.0,10.0,0.0,7.2,5.0
GGGTTTGGGTGCGGGTTTGGG,GGGTTTGGGTGTGGGTTTGGG,11,C,T,54.0,52.0,-2.0,54.8863410949707,49.33047866821289,-5.5558624267578125,0.0,100.0,10.0,0.0,7.2,5.0
GGGTTTGGGTGCGGGTTTGGG,GGGTTTGGGTTCGGGTTTGGG,10,G,T,54.0,53.9,-0.10000000000000142,54.8863410949707,51.8571891784668,-3.0291519165039062,0.0,100.0,10.0,0.0,7.2,5.0
GGGTTTGGGTGTGGGTTTGGG,GGGTTTGGGTTTGGGTTTGGG,10,G,T,52.0,49.65,-2.3500000000000014,49.33047866821289,49.37776184082031,0.047283172607421875,0.0,100.0,10.0,0.0,7.2,5.0
GGGTTTGGGTTAGGGTTTGGG,GGGTTTGGGTTCGGGTTTGGG,11,A,C,51.3,53.9,2.6000000000000014,50.95289993286133,51.8571891784668,0.9042892456054688,0.0,100.0,10.0,0.0,7.2,5.0
GGGTTTGGGTTAGGGTTTGGG,GGGTTTGGGTTTGGGTTTGGG,11,A,T,51.3,49.65,-1.6499999999999986,50.95289993286133,49.37776184082031,-1.5751380920410156,0.0,100.0,10.0,0.0,7.2,5.0
GGGTTTGGGTTCGGGTTTGGG,GGGTTTGGGTTTGGGTTTGGG,11,C,T,53.9,49.65,-4.25,51.8571891784668,49.37776184082031,-2.4794273376464844,0.0,100.0,10.0,0.0,7.2,5.0
GGGTTTGGGTTTGGGACTGGG,GGGTTTGGGTTTGGGATTGGG,16,C,T,46.8,47.5,0.7000000000000028,45.27226257324219,46.16070556640625,0.8884429931640625,0.0,100.0,10.0,0.0,7.2,5.0
GGGTTTGGGTTTGGGATTGGG,GGGTTTGGGTTTGGGTTTGGG,15,A,T,47.5,49.65,2.1499999999999986,46.16070556640625,49.37776184082031,3.2170562744140625,0.0,100.0,10.0,0.0,7.2,5.0
GGGGTTCAGGGGTTCAGGGGTTCAGGGG,GGGGTTCAGGGGTTCAGGGGTTTAGGGG,22,C,T,52.0,55.0,3.0,55.93778610229492,55.97511291503906,0.037326812744140625,0.0,100.0,10.0,0.0,7.2,5.0
GGGGTTCAGGGGTTCAGGGGTTCAGGGG,GGGGTTCAGGGGTTTAGGGGTTCAGGGG,14,C,T,52.0,55.0,3.0,55.93778610229492,55.97511291503906,0.037326812744140625,0.0,100.0,10.0,0.0,7.2,5.0
GGGGTTCAGGGGTTCAGGGGTTCAGGGG,GGGGTTTAGGGGTTCAGGGGTTCAGGGG,6,C,T,52.0,54.0,2.0,55.93778610229492,55.97511291503906,0.037326812744140625,0.0,100.0,10.0,0.0,7.2,5.0
GGGGTTCAGGGGTTCAGGGGTTTAGGGG,GGGGTTCAGGGGTTTAGGGGTTTAGGGG,14,C,T,55.0,54.0,-1.0,55.97511291503906,60.697940826416016,4.722827911376953,0.0,100.0,10.0,0.0,7.2,5.0
GGGGTTCAGGGGTTCAGGGGTTTAGGGG,GGGGTTTAGGGGTTCAGGGGTTTAGGGG,6,C,T,55.0,55.0,0.0,55.97511291503906,60.697940826416016,4.722827911376953,0.0,100.0,10.0,0.0,7.2,5.0
GGGGTTCAGGGGTTTAGGGGTTCAGGGG,GGGGTTCAGGGGTTTAGGGGTTTAGGGG,22,C,T,55.0,54.0,-1.0,55.97511291503906,60.697940826416016,4.722827911376953,0.0,100.0,10.0,0.0,7.2,5.0
GGGGTTCAGGGGTTTAGGGGTTCAGGGG,GGGGTTTAGGGGTTTAGGGGTTCAGGGG,6,C,T,55.0,54.0,-1.0,55.97511291503906,60.697940826416016,4.722827911376953,0.0,100.0,10.0,0.0,7.2,5.0
GGGGTTCAGGGGTTTAGGGGTTTAGGGG,GGGGTTTAGGGGTTTAGGGGTTTAGGGG,6,C,T,54.0,58.0,4.0,60.697940826416016,63.97654342651367,3.2786026000976562,0.0,100.0,10.0,0.0,7.2,5.0
GGGGTTTAGGGGTTCAGGGGTTCAGGGG,GGGGTTTAGGGGTTCAGGGGTTTAGGGG,22,C,T,54.0,55.0,1.0,55.97511291503906,60.697940826416016,4.722827911376953,0.0,100.0,10.0,0.0,7.2,5.0
GGGGTTTAGGGGTTCAGGGGTTCAGGGG,GGGGTTTAGGGGTTTAGGGGTTCAGGGG,14,C,T,54.0,54.0,0.0,55.97511291503906,60.697940826416016,4.722827911376953,0.0,100.0,10.0,0.0,7.2,5.0
GGGGTTTAGGGGTTCAGGGGTTTAGGGG,GGGGTTTAGGGGTTTAGGGGTTTAGGGG,14,C,T,55.0,58.0,3.0,60.697940826416016,63.97654342651367,3.2786026000976562,0.0,100.0,10.0,0.0,7.2,5.0
GGGGTTTAGGGGTTTAGGGGTTCAGGGG,GGGGTTTAGGGGTTTAGGGGTTTAGGGG,22,C,T,54.0,58.0,4.0,60.697940826416016,63.97654342651367,3.2786026000976562,0.0,100.0,10.0,0.0,7.2,5.0
GGGTTAGGGATTTGGGTTAGGG,GGGTTAGGGTTTTGGGTTAGGG,9,A,T,57.5,58.0,0.5,50.20394515991211,55.09169006347656,4.887744903564453,0.0,100.0,10.0,0.0,7.2,5.0
GGGTTAGGGTTTAGGGTTAGGG,GGGTTAGGGTTTTGGGTTAGGG,12,A,T,64.0,58.0,-6.0,54.47426223754883,55.09169006347656,0.6174278259277344,0.0,100.0,10.0,0.0,7.2,5.0
GGGTTAGGGATGGGTTAGGG,GGGTTAGGGTTGGGTTAGGG,9,A,T,43.8,46.9,3.1000000000000014,47.3013916015625,52.38594055175781,5.0845489501953125,0.0,100.0,10.0,0.0,7.2,5.0
GGGTTAGGGTAGGGTTAGGG,GGGTTAGGGTTGGGTTAGGG,10,A,T,55.2,46.9,-8.300000000000004,52.45587158203125,52.38594055175781,-0.0699310302734375,0.0,100.0,10.0,0.0,7.2,5.0
TGGGAGGGAGGGAGGGT,TGGGAGGGTGGGAGGGT,8,A,T,43.7,52.2,8.5,50.50339126586914,49.57499313354492,-0.9283981323242188,0.0,100.0,30.0,0.0,7.4,5.0
TGGGTGGGAGGGTGGGT,TGGGTGGGTGGGTGGGT,8,A,T,60.5,68.3,7.799999999999997,52.348087310791016,54.13291549682617,1.7848281860351562,0.0,100.0,30.0,0.0,7.4,5.0
GGGTTGGGTGTGGGTTGGG,GGGTTGGGTTTGGGTTGGG,9,G,T,57.5,52.0,-5.5,50.72491455078125,50.31907653808594,-0.4058380126953125,0.0,110.0,0.0,0.0,7.2,5.0
GGGTTGGGTTAGGGTTGGG,GGGTTGGGTTTGGGTTGGG,10,A,T,53.0,52.0,-1.0,50.867671966552734,50.31907653808594,-0.5485954284667969,0.0,110.0,0.0,0.0,7.2,5.0
GGTTGGTGTGGTTGG,GGTTGGTTTGGTTGG,7,G,T,20.0,19.8,-0.1999999999999993,30.33552360534668,27.820219039916992,-2.5153045654296875,0.0,110.0,0.0,0.0,7.2,5.0
GGTTGGTTAGGTTGG,GGTTGGTTTGGTTGG,8,A,T,26.0,19.8,-6.199999999999999,34.05368423461914,27.820219039916992,-6.233465194702148,0.0,110.0,0.0,0.0,7.2,5.0
AGGTTAGGGTTAGGGTTAGGG,GGGTTAGGGTTAGGGTTAGGG,0,A,G,63.5,65.0,1.5,55.34137344360352,54.11878967285156,-1.2225837707519602,0.0,169.0,0.0,0.0,7.0,10.0
GAGTTAGGGTTAGGGTTAGGG,GGGTTAGGGTTAGGGTTAGGG,1,A,G,42.5,65.0,22.5,53.999267578125,54.11878967285156,0.1195220947265625,0.0,169.0,0.0,0.0,7.0,10.0
GGATTAGGGTTAGGGTTAGGG,GGGTTAGGGTTAGGGTTAGGG,2,A,G,56.0,65.0,9.0,51.92008590698242,54.11878967285156,2.1987037658691406,0.0,169.0,0.0,0.0,7.0,10.0
GGGTTAAGGTTAGGGTTAGGG,GGGTTAGGGTTAGGGTTAGGG,6,A,G,47.5,65.0,17.5,56.00640869140625,54.11878967285156,-1.8876190185546875,0.0,169.0,0.0,0.0,7.0,10.0
GGGTTAGAGTTAGGGTTAGGG,GGGTTAGGGTTAGGGTTAGGG,7,A,G,36.0,65.0,29.0,53.90598678588867,54.11878967285156,0.21280288696289062,0.0,169.0,0.0,0.0,7.0,10.0
GGGTTAGGATTAGGGTTAGGG,GGGTTAGGGTTAGGGTTAGGG,8,A,G,58.5,65.0,6.5,51.92008590698242,54.11878967285156,2.1987037658691406,0.0,169.0,0.0,0.0,7.0,10.0
GGGTTAGGGTTAAGGTTAGGG,GGGTTAGGGTTAGGGTTAGGG,12,A,G,60.5,65.0,4.5,56.00640869140625,54.11878967285156,-1.8876190185546875,0.0,169.0,0.0,0.0,7.0,10.0
GGGTTAGGGTTAGAGTTAGGG,GGGTTAGGGTTAGGGTTAGGG,13,A,G,41.0,65.0,24.0,53.90598678588867,54.11878967285156,0.21280288696289062,0.0,169.0,0.0,0.0,7.0,10.0
GGGTTAGGGTTAGGATTAGGG,GGGTTAGGGTTAGGGTTAGGG,14,A,G,43.0,65.0,22.0,51.92008590698242,54.11878967285156,2.1987037658691406,0.0,169.0,0.0,0.0,7.0,10.0
GGGTTAGGGTTAGGGTTAAGG,GGGTTAGGGTTAGGGTTAGGG,18,A,G,47.0,65.0,18.0,56.00640869140625,54.11878967285156,-1.8876190185546875,0.0,169.0,0.0,0.0,7.0,10.0
GGGTTAGGGTTAGGGTTAGAG,GGGTTAGGGTTAGGGTTAGGG,19,A,G,42.0,65.0,23.0,54.15861511230469,54.11878967285156,-0.039825439453125,0.0,169.0,0.0,0.0,7.0,10.0
GGGTTAGGGTTAGGGTTAGGA,GGGTTAGGGTTAGGGTTAGGG,20,A,G,60.5,65.0,4.5,53.481815338134766,54.11878967285156,0.6369743347167969,0.0,169.0,0.0,0.0,7.0,10.0
TGGGAGGGAGGGAGGGT,TGGGAGGGTGGGAGGGT,8,A,T,50.2,57.8,7.599999999999994,59.0533561706543,58.1007080078125,-0.9526481628417969,0.0,200.0,30.0,0.0,7.4,5.0
TGGGTGGGAGGGTGGGT,TGGGTGGGTGGGTGGGT,8,A,T,65.6,73.3,7.700000000000003,61.54411697387695,63.2432975769043,1.6991806030273438,0.0,200.0,30.0,0.0,7.4,5.0
TGGGAGGGAGGGAGGGT,TGGGAGGGTGGGAGGGT,8,A,T,50.0,59.6,9.600000000000001,53.70029830932617,58.31336975097656,4.613071441650391,1.0,0.0,30.0,0.0,7.4,5.0
TGGGTGGGAGGGTGGGT,TGGGTGGGTGGGTGGGT,8,A,T,67.3,73.9,6.6000000000000085,60.86929702758789,59.062530517578125,-1.8067665100097656,1.0,0.0,30.0,0.0,7.4,5.0
AAGGGTGGGTGTGGGTGGGT,AAGGGTGGGTTTGGGTGGGT,10,G,T,61.9,63.3,1.3999999999999986,66.07353973388672,64.0736083984375,-1.9999313354492188,1.5,0.0,0.0,0.0,7.0,4.0
ATGGGTGGGTGGGTGGGT,TTGGGTGGGTGGGTGGGT,0,A,T,75.0,74.4,-0.5999999999999943,71.81363677978516,70.19578552246094,-1.6178512573242188,4.2,157.0,0.0,0.0,7.4,5.0
TAGGGTGGGTGGGTGGGT,TTGGGTGGGTGGGTGGGT,1,A,T,76.0,74.4,-1.5999999999999943,70.91792297363281,70.19578552246094,-0.722137451171875,4.2,157.0,0.0,0.0,7.4,5.0
TTAGGTGGGTGGGTGGGT,TTGGGTGGGTGGGTGGGT,2,A,G,40.0,74.4,34.400000000000006,38.84399032592773,70.19578552246094,31.35179519653321,4.2,157.0,0.0,0.0,7.4,5.0
TTGAGTGGGTGGGTGGGT,TTGGGTGGGTGGGTGGGT,3,A,G,37.0,74.4,37.400000000000006,44.30027389526367,70.19578552246094,25.895511627197266,4.2,157.0,0.0,0.0,7.4,5.0
TTGGATGGGTGGGTGGGT,TTGGGTGGGTGGGTGGGT,4,A,G,37.0,74.4,37.400000000000006,39.339988708496094,70.19578552246094,30.855796813964844,4.2,157.0,0.0,0.0,7.4,5.0
TTGGGAGGGTGGGTGGGT,TTGGGTGGGTGGGTGGGT,5,A,T,67.0,74.4,7.400000000000006,68.843505859375,70.19578552246094,1.3522796630859375,4.2,157.0,0.0,0.0,7.4,5.0
TTGGGTAGGTGGGTGGGT,TTGGGTGGGTGGGTGGGT,6,A,G,28.0,74.4,46.400000000000006,41.49550247192383,70.19578552246094,28.70028305053711,4.2,157.0,0.0,0.0,7.4,5.0
TTGGGTGAGTGGGTGGGT,TTGGGTGGGTGGGTGGGT,7,A,G,42.5,74.4,31.900000000000006,44.30027389526367,70.19578552246094,25.895511627197266,4.2,157.0,0.0,0.0,7.4,5.0
TTGGGTGGATGGGTGGGT,TTGGGTGGGTGGGTGGGT,8,A,G,37.0,74.4,37.400000000000006,39.339988708496094,70.19578552246094,30.855796813964844,4.2,157.0,0.0,0.0,7.4,5.0
TTGGGTGGGAGGGTGGGT,TTGGGTGGGTGGGTGGGT,9,A,T,67.0,74.4,7.400000000000006,68.843505859375,70.19578552246094,1.3522796630859375,4.2,157.0,0.0,0.0,7.4,5.0
TTGGGTGGGTAGGTGGGT,TTGGGTGGGTGGGTGGGT,10,A,G,42.0,74.4,32.400000000000006,41.49550247192383,70.19578552246094,28.70028305053711,4.2,157.0,0.0,0.0,7.4,5.0
TTGGGTGGGTGAGTGGGT,TTGGGTGGGTGGGTGGGT,11,A,G,37.0,74.4,37.400000000000006,44.30027389526367,70.19578552246094,25.895511627197266,4.2,157.0,0.0,0.0,7.4,5.0
TTGGGTGGGTGGATGGGT,TTGGGTGGGTGGGTGGGT,12,A,G,40.0,74.4,34.400000000000006,39.339988708496094,70.19578552246094,30.855796813964844,4.2,157.0,0.0,0.0,7.4,5.0
TTGGGTGGGTGGGAGGGT,TTGGGTGGGTGGGTGGGT,13,A,T,68.0,74.4,6.400000000000006,68.843505859375,70.19578552246094,1.3522796630859375,4.2,157.0,0.0,0.0,7.4,5.0
TTGGGTGGGTGGGTAGGT,TTGGGTGGGTGGGTGGGT,14,A,G,37.0,74.4,37.400000000000006,41.49550247192383,70.19578552246094,28.70028305053711,4.2,157.0,0.0,0.0,7.4,5.0
TTGGGTGGGTGGGTGAGT,TTGGGTGGGTGGGTGGGT,15,A,G,39.0,74.4,35.400000000000006,44.30027389526367,70.19578552246094,25.895511627197266,4.2,157.0,0.0,0.0,7.4,5.0
TTGGGTGGGTGGGTGGAT,TTGGGTGGGTGGGTGGGT,16,A,G,41.0,74.4,33.400000000000006,39.093746185302734,70.19578552246094,31.102039337158203,4.2,157.0,0.0,0.0,7.4,5.0
TTGGGTGGGTGGGTGGGA,TTGGGTGGGTGGGTGGGT,17,A,T,75.0,74.4,-0.5999999999999943,71.87580108642578,70.19578552246094,-1.6800155639648438,4.2,157.0,0.0,0.0,7.4,5.0
TGGGAGGGAGGGAGGGT,TGGGAGGGTGGGAGGGT,8,A,T,64.4,72.1,7.699999999999989,62.41581344604492,69.15245056152344,6.736637115478516,5.0,0.0,30.0,0.0,7.4,5.0
TGGGTGGGAGGGTGGGT,TGGGTGGGTGGGTGGGT,8,A,T,79.3,85.6,6.299999999999997,75.2816390991211,76.04003143310547,0.758392333984375,5.0,0.0,30.0,0.0,7.4,5.0
GCGGCGGGCGGGCGGGC,GCGGTGGGCGGGCGGGC,4,C,T,63.0,67.0,4.0,65.35124969482422,67.34635162353516,1.9951019287109375,6.0,0.0,0.0,0.0,7.0,25.0
GCGGCGGGCGGGCGGGC,GTGGCGGGCGGGCGGGC,1,C,T,63.0,67.0,4.0,65.35124969482422,67.235595703125,1.8843460083007812,6.0,0.0,0.0,0.0,7.0,25.0
AGGGTTTGGGTTAGGGTTTGGG,AGGGTTTGGGTTTGGGTTTGGG,12,A,T,74.6,79.7,5.1000000000000085,64.22522735595703,62.99070358276367,-1.2345237731933594,10.0,0.0,0.0,0.0,7.2,5.0
GGAGACAGGGGTATGGGGAGGGG,GGTGACAGGGGTATGGGGAGGGG,2,A,T,56.0,57.0,1.0,44.42718124389648,45.28839111328125,0.8612098693847727,10.0,0.0,0.0,0.0,7.5,5.0
GGGGGCCGTGGGGTGGGAGCTGGGG,GGGGGCCGTGGGGTGTGAGCTGGGG,15,G,T,62.0,46.0,-16.0,68.0670166015625,64.30987548828125,-3.75714111328125,10.0,0.0,0.0,0.0,7.5,5.0
TGGGAGGGAGGGAGGGT,TGGGAGGGTGGGAGGGT,8,A,T,70.0,78.0,8.0,64.15160369873047,71.96595001220703,7.8143463134765625,10.0,0.0,30.0,0.0,7.4,5.0
TTGAGGTGGGTGGGTGGGT,TTGCGGTGGGTGGGTGGGT,3,A,C,73.0,77.0,4.0,60.34501266479492,62.3425407409668,1.997528076171875,12.0,0.0,0.0,0.0,7.0,5.0
TTGAGGTGGGTGGGTGGGT,TTGTGGTGGGTGGGTGGGT,3,A,T,73.0,77.0,4.0,60.34501266479492,61.63328170776367,1.28826904296875,12.0,0.0,0.0,0.0,7.0,5.0
TTGCGGTGGGTGGGTGGGT,TTGTGGTGGGTGGGTGGGT,3,C,T,77.0,77.0,0.0,62.3425407409668,61.63328170776367,-0.709259033203125,12.0,0.0,0.0,0.0,7.0,5.0
GGCTAGGGTCAGGGTGGGTCAG,GGCTAGGGTCTGGGTGGGTCAG,10,A,T,51.5,46.0,-5.5,44.718387603759766,44.78727340698242,0.06888580322265625,15.0,0.0,0.0,0.0,7.0,5.0
GGCTAGGGTCAGGGTGGGTCAG,GGCTTGGGTCAGGGTGGGTCAG,4,A,T,51.5,44.0,-7.5,44.718387603759766,46.64836502075195,1.9299774169921875,15.0,0.0,0.0,0.0,7.0,5.0
AGGGAGGGTAGGGT,AGGGTGGGTAGGGT,4,A,T,62.9,70.0,7.100000000000001,62.31704711914063,67.5403823852539,5.223335266113274,20.0,0.0,15.0,0.0,7.0,5.0
AGGGTAGGGAGGGT,AGGGTAGGGTGGGT,9,A,T,61.849999999999994,70.5,8.650000000000006,62.31704711914063,67.5403823852539,5.223335266113274,20.0,0.0,15.0,0.0,7.0,5.0
AGGGTAGGGTGGGT,TGGGTAGGGTGGGT,0,A,T,70.5,73.7,3.200000000000003,67.5403823852539,72.2198486328125,4.679466247558594,20.0,0.0,15.0,0.0,7.0,5.0
AGGGTGGGAAGGGT,AGGGTGGGTAGGGT,8,A,T,65.3,70.0,4.700000000000003,63.0373649597168,67.5403823852539,4.503017425537109,20.0,0.0,15.0,0.0,7.0,5.0
TAGGGAGGGTGGGT,TAGGGTGGGTGGGT,5,A,T,66.5,73.4,6.900000000000006,65.546630859375,72.6717758178711,7.125144958496094,20.0,0.0,15.0,0.0,7.0,5.0
TAGGGAGGGTGGGT,TTGGGAGGGTGGGT,1,A,T,66.5,70.2,3.700000000000003,65.546630859375,69.5431900024414,3.9965591430664062,20.0,0.0,15.0,0.0,7.0,5.0
TAGGGTGGGTGGGT,TTGGGTGGGTGGGT,1,A,T,73.4,77.8,4.3999999999999915,72.6717758178711,71.90377044677734,-0.76800537109375,20.0,0.0,15.0,0.0,7.0,5.0
TGGGAAGGGTGGGT,TGGGTAGGGTGGGT,4,A,T,69.5,73.7,4.200000000000003,65.79100036621094,72.2198486328125,6.4288482666015625,20.0,0.0,15.0,0.0,7.0,5.0
TTGGGAGGGTGGGT,TTGGGTGGGTGGGT,5,A,T,70.2,77.8,7.599999999999994,69.5431900024414,71.90377044677734,2.3605804443359375,20.0,0.0,15.0,0.0,7.0,5.0
GGCTGGTGTGGTTGG,GGTTGGTGTGGTTGG,2,C,T,46.8,46.4,-0.3999999999999986,40.05160903930664,40.296146392822266,0.244537353515625,25.0,0.0,0.0,0.0,6.8,5.0
GGTCGGTGTGGTTGG,GGTTGGTGTGGTTGG,3,C,T,40.9,46.4,5.5,45.463897705078125,40.296146392822266,-5.167751312255859,25.0,0.0,0.0,0.0,6.8,5.0
GGTTGGGTTGGTTGG,GGTTGGTTTGGTTGG,6,G,T,39.6,42.2,2.6000000000000014,49.842559814453125,36.03617477416992,-13.806385040283203,25.0,0.0,0.0,0.0,6.8,5.0
GGTTGGTATGGTTGG,GGTTGGTGTGGTTGG,7,A,G,40.2,46.4,6.199999999999996,40.70896911621094,40.296146392822266,-0.4128227233886719,25.0,0.0,0.0,0.0,6.8,5.0
GGTTGGTATGGTTGG,GGTTGGTTTGGTTGG,7,A,T,40.2,42.2,2.0,40.70896911621094,36.03617477416992,-4.672794342041016,25.0,0.0,0.0,0.0,6.8,5.0
GGTTGGTGTGGCTGG,GGTTGGTGTGGTTGG,11,C,T,47.1,46.4,-0.7000000000000028,40.05160903930664,40.296146392822266,0.244537353515625,25.0,0.0,0.0,0.0,6.8,5.0
GGTTGGTGTGGTCGG,GGTTGGTGTGGTTGG,12,C,T,39.5,46.4,6.899999999999999,45.463897705078125,40.296146392822266,-5.167751312255859,25.0,0.0,0.0,0.0,6.8,5.0
GGTTGGTGTGGTTGG,GGTTGGTTTGGTTGG,7,G,T,46.4,42.2,-4.199999999999996,40.296146392822266,36.03617477416992,-4.259971618652344,25.0,0.0,0.0,0.0,6.8,5.0
GGTTGGTTGGGTTGG,GGTTGGTTTGGTTGG,8,G,T,40.2,42.2,2.0,49.842559814453125,36.03617477416992,-13.806385040283203,25.0,0.0,0.0,0.0,6.8,5.0
TGGGCTGAGGGGGGAGGGAGGGTGGCCTGCGGAGGTCCC,TGGGCTGAGGGGGGAGGGAGGGTGTCCTGCGGAGGTCCC,24,G,T,71.16,48.91,-22.25,57.28631591796875,53.61393356323242,-3.672382354736328,25.0,0.0,0.0,0.0,7.0,5.0
TGGGCTGAGGGGGGAGGGAGGGTGGCCTGCGGAGGTCCC,TGGGCTGAGGGGGGAGGGAGTGTGGCCTGCGGAGGTCCC,20,G,T,71.16,46.18,-24.979999999999997,57.28631591796875,55.839691162109375,-1.446624755859375,25.0,0.0,0.0,0.0,7.0,5.0
TGGGCTGAGGGGGGAGGGAGGGTGGCCTGCGGAGGTCCC,TGGGCTGAGGGGGGAGTGAGGGTGGCCTGCGGAGGTCCC,16,G,T,71.16,44.97,-26.189999999999998,57.28631591796875,55.88788986206055,-1.3984260559082031,25.0,0.0,0.0,0.0,7.0,5.0
TGGGCTGAGGGGGGAGGGAGGGTGGCCTGCGGAGGTCCC,TGGGCTGAGGGGGTAGGGAGGGTGGCCTGCGGAGGTCCC,13,G,T,71.16,63.44,-7.719999999999999,57.28631591796875,53.14406967163086,-4.142246246337891,25.0,0.0,0.0,0.0,7.0,5.0
TGGGCTGAGGGGGGAGGGAGGGTGGCCTGCGGAGGTCCC,TGGGCTGAGGGGTGAGGGAGGGTGGCCTGCGGAGGTCCC,12,G,T,71.16,42.92,-28.239999999999995,57.28631591796875,59.1693115234375,1.88299560546875,25.0,0.0,0.0,0.0,7.0,5.0
TGGGCTGAGGGGGGAGGGAGGGTGGCCTGCGGAGGTCCC,TGGGCTGAGGGTGGAGGGAGGGTGGCCTGCGGAGGTCCC,11,G,T,71.16,41.11,-30.049999999999997,57.28631591796875,47.52061462402344,-9.765701293945312,25.0,0.0,0.0,0.0,7.0,5.0
TGGGCTGAGGGGGGAGGGAGGGTGGCCTGCGGAGGTCCC,TGGGCTGAGGTGGGAGGGAGGGTGGCCTGCGGAGGTCCC,10,G,T,71.16,70.18,-0.9799999999999898,57.28631591796875,46.49861145019531,-10.787704467773438,25.0,0.0,0.0,0.0,7.0,5.0
TGGGCTGAGGGGGGAGGGAGGGTGGCCTGCGGAGGTCCC,TGTGCTGAGGGGGGAGGGAGGGTGGCCTGCGGAGGTCCC,2,G,T,71.16,59.74,-11.419999999999995,57.28631591796875,44.59538269042969,-12.690933227539062,25.0,0.0,0.0,0.0,7.0,5.0
TGGGCTGAGGGGGGAGGGAGGGTGTCCTGCGGAGGTCCC,TGGGCTGAGGGGGGAGGGAGGGTTTCCTGCGGAGGTCCC,23,G,T,48.91,46.68,-2.229999999999997,53.61393356323242,54.27179336547852,0.6578598022461009,25.0,0.0,0.0,0.0,7.0,5.0
TGGGCTGAGGGGGGAGGGAGGGTTTCCTGCGGAGGTCCC,TGGGCTGAGGGGGTAGGGAGGGTTTCCTGCGGAGGTCCC,13,G,T,46.68,42.1,-4.579999999999998,54.27179336547852,50.29764938354492,-3.974143981933601,25.0,0.0,0.0,0.0,7.0,5.0
TGGGCTGAGGGGGGAGGGAGGGTTTCCTGCGGAGGTCCC,TGTGCTGAGGGGGGAGGGAGGGTTTCCTGCGGAGGTCCC,2,G,T,46.68,35.38,-11.299999999999997,54.27179336547852,43.8946418762207,-10.37715148925782,25.0,0.0,0.0,0.0,7.0,5.0
TGGGCTGAGGGGTGAGGGAGGGTGGCCTGCGGAGGTCCC,TGGGCTGAGGTGTGAGGGAGGGTGGCCTGCGGAGGTCCC,10,G,T,42.92,44.02,1.1000000000000014,59.1693115234375,47.49460983276367,-11.674701690673828,25.0,0.0,0.0,0.0,7.0,5.0
TGGGCTGAGGTGGGAGGGAGGGTGGCCTGCGGAGGTCCC,TGGGCTGAGGTGTGAGGGAGGGTGGCCTGCGGAGGTCCC,12,G,T,70.18,44.02,-26.160000000000004,46.49861145019531,47.49460983276367,0.9959983825683594,25.0,0.0,0.0,0.0,7.0,5.0
TGGGCTGATTGGGGAGGGAGGGTGGCCTGCGGAGGTCCC,TGGGCTGATTGGGTAGGGAGGGTGGCCTGCGGAGGTCCC,13,G,T,65.8,44.74,-21.059999999999995,50.27289962768555,50.96352005004883,0.6906204223632812,25.0,0.0,0.0,0.0,7.0,5.0
TGGGCTGATTGGGGAGGGAGGGTGGCCTGCGGAGGTCCC,TGGGCTGATTTGGGAGGGAGGGTGGCCTGCGGAGGTCCC,10,G,T,65.8,48.81,-16.989999999999995,50.27289962768555,50.056396484375,-0.21650314331054688,25.0,0.0,0.0,0.0,7.0,5.0
TGGGCTGATTTGGGAGGGAGGGTGGCCTGCGGAGGTCCC,TGGGCTGATTTGGGAGGGAGGGTGTCCTGCGGAGGTCCC,24,G,T,48.81,42.32,-6.490000000000002,50.056396484375,47.92010498046875,-2.13629150390625,25.0,0.0,0.0,0.0,7.0,5.0
TGGGCTGATTTGGGAGGGAGGGTGGCCTGCGGAGGTCCC,TGTGCTGATTTGGGAGGGAGGGTGGCCTGCGGAGGTCCC,2,G,T,48.81,42.2,-6.609999999999999,50.056396484375,51.65188980102539,1.5954933166503906,25.0,0.0,0.0,0.0,7.0,5.0
AAGGGTGGGTCCCACTGTGGGTGGGT,AAGGGTGGGTCCCAGTGTGGGTGGGT,14,C,G,69.1,70.8,1.7000000000000028,66.29645538330078,67.2750473022461,0.9785919189453125,25.0,115.0,10.0,0.0,7.2,5.0
AAGGGTGGGTCCCACCCTGGGTGGGT,AAGGGTGGGTCCCACCGTGGGTGGGT,16,C,G,73.6,73.1,-0.5,68.08246612548828,68.79692077636719,0.7144546508789062,40.0,100.0,10.0,0.0,7.2,5.0
AAGGGTGGGTCCCACCGTGGGTGGGT,AAGGGTGGGTCCCACTGTGGGTGGGT,15,C,T,73.1,73.3,0.20000000000000284,68.79692077636719,68.15888214111328,-0.6380386352539062,40.0,100.0,10.0,0.0,7.2,5.0
AAGGGTGGGTCCCACTGTGGGTGGGT,AAGGGTGGGTCCCAGTGTGGGTGGGT,14,C,G,73.3,74.1,0.7999999999999972,68.15888214111328,69.49933624267578,1.3404541015625,40.0,100.0,10.0,0.0,7.2,5.0
AGGGTTAGGGTTAGGGTTAGG,TGGGTTAGGGTTAGGGTTAGG,0,A,T,53.0,46.0,-7.0,53.80869674682617,54.829132080078125,1.0204353332519531,50.0,0.0,0.0,0.0,7.0,5.0
TAGGGTTAGGGTTAGGGTTAGG,TTGGGTTAGGGTTAGGGTTAGG,1,A,T,46.0,42.0,-4.0,53.26191711425781,54.97140884399414,1.7094917297363281,50.0,0.0,0.0,0.0,7.0,5.0
CGGGGCGGGCCGGGGGCGGGGT,CGGGGCGGGCCGGGTGCGGGGT,14,G,T,77.9,73.4,-4.5,78.01211547851562,75.45246124267578,-2.5596542358398438,50.0,0.0,0.0,0.0,7.2,2.5
CGGGGCGGGCCGGGGGCGGGGT,CGGGGCGGGCCGTGGGCGGGGT,12,G,T,77.9,77.1,-0.8000000000000114,78.01211547851562,75.22879791259766,-2.7833175659179688,50.0,0.0,0.0,0.0,7.2,2.5
CGGGGCGGGCCGGGTGCGGGGT,CGGGGCGGGCCGGGTTCGGGGT,15,G,T,73.4,73.0,-0.4000000000000057,75.45246124267578,73.37101745605469,-2.0814437866210938,50.0,0.0,0.0,0.0,7.2,2.5
CGGGGCGGGCCGTGGGCGGGGT,CGGGGCGGGCCTTGGGCGGGGT,11,G,T,77.1,77.3,0.20000000000000284,75.22879791259766,75.3902816772461,0.1614837646484375,50.0,0.0,0.0,0.0,7.2,2.5
AGGGCTAGGGTTAGGGTTAGGG,AGGGTTAGGGTTAGGGTTAGGG,4,C,T,60.7,61.4,0.6999999999999957,60.45318603515625,61.20454025268555,0.7513542175292969,50.0,0.0,10.0,0.0,7.4,4.0
AGGGTCAGGGTTAGGGTTAGGG,AGGGTTAGGGTTAGGGTTAGGG,5,C,T,59.4,61.4,2.0,58.760162353515625,61.20454025268555,2.444377899169922,50.0,0.0,10.0,0.0,7.4,4.0
AGGGTTAGGGCTAGGGTTAGGG,AGGGTTAGGGTTAGGGTTAGGG,10,C,T,60.4,61.4,1.0,60.45318603515625,61.20454025268555,0.7513542175292969,50.0,0.0,10.0,0.0,7.4,4.0
AGGGTTAGGGTCAGGGTTAGGG,AGGGTTAGGGTTAGGGTTAGGG,11,C,T,59.9,61.4,1.5,58.760162353515625,61.20454025268555,2.444377899169922,50.0,0.0,10.0,0.0,7.4,4.0
AGGGTTAGGGTTAGGGCTAGGG,AGGGTTAGGGTTAGGGTTAGGG,16,C,T,61.0,61.4,0.3999999999999986,60.45318603515625,61.20454025268555,0.7513542175292969,50.0,0.0,10.0,0.0,7.4,4.0
AGGGTTAGGGTTAGGGTCAGGG,AGGGTTAGGGTTAGGGTTAGGG,17,C,T,60.1,61.4,1.2999999999999972,58.760162353515625,61.20454025268555,2.444377899169922,50.0,0.0,10.0,0.0,7.4,4.0
AGGGTTAGGGTTAGGGTTAGGG,AGGGTTAGGGTTAGGGTTCGGG,18,A,C,61.4,61.8,0.3999999999999986,61.20454025268555,62.126094818115234,0.9215545654296875,50.0,0.0,10.0,0.0,7.4,4.0
AGGGTTAGGGTTAGGGTTAGGG,AGGGTTAGGGTTCGGGTTAGGG,12,A,C,61.4,62.5,1.1000000000000014,61.20454025268555,62.126094818115234,0.9215545654296875,50.0,0.0,10.0,0.0,7.4,4.0
AGGGTTAGGGTTAGGGTTAGGG,AGGGTTCGGGTTAGGGTTAGGG,6,A,C,61.4,63.4,2.0,61.20454025268555,62.126094818115234,0.9215545654296875,50.0,0.0,10.0,0.0,7.4,4.0
AGGGTTAGGGTTAGGGTTAGGG,CGGGTTAGGGTTAGGGTTAGGG,0,A,C,61.4,62.2,0.8000000000000043,61.20454025268555,62.17828750610352,0.9737472534179759,50.0,0.0,10.0,0.0,7.4,4.0
AAGGGTGGGTCCCACCCTGGGTGGGT,AAGGGTGGGTCCCACCGTGGGTGGGT,16,C,G,74.1,74.7,0.6000000000000085,69.24114227294922,69.94815063476562,0.7070083618164062,60.0,80.0,10.0,0.0,7.2,5.0
AAGGGTGGGTCCCACCGTGGGTGGGT,AAGGGTGGGTCCCACTGTGGGTGGGT,15,C,T,74.7,75.5,0.7999999999999972,69.94815063476562,70.0372085571289,0.08905792236328125,60.0,80.0,10.0,0.0,7.2,5.0
AAGGGTGGGTCCCACTGTGGGTGGGT,AAGGGTGGGTCCCAGTGTGGGTGGGT,14,C,G,75.5,76.2,0.7000000000000028,70.0372085571289,70.87055206298828,0.833343505859375,60.0,80.0,10.0,0.0,7.2,5.0
AAGGGTGGGTCCCACCCTGGGTGGGT,AAGGGTGGGTCCCACCGTGGGTGGGT,16,C,G,76.9,77.1,0.19999999999998863,69.88931274414062,70.6397476196289,0.7504348754882812,70.0,70.0,10.0,0.0,7.2,5.0
AAGGGTGGGTCCCACCGTGGGTGGGT,AAGGGTGGGTCCCACTGTGGGTGGGT,15,C,T,77.1,77.2,0.10000000000000853,70.6397476196289,70.80361938476562,0.16387176513671875,70.0,70.0,10.0,0.0,7.2,5.0
AAGGGTGGGTCCCACTGTGGGTGGGT,AAGGGTGGGTCCCAGTGTGGGTGGGT,14,C,G,77.2,77.6,0.3999999999999915,70.80361938476562,72.51309204101562,1.70947265625,70.0,70.0,10.0,0.0,7.2,5.0
GGGTAGGGAGCGGGAGAGGG,GGGTAGGGAGCGGGAGAGGT,19,G,T,59.5,50.7,-8.799999999999997,58.0937385559082,50.7122688293457,-7.3814697265625,85.0,0.0,0.0,0.0,7.0,3.0
GGGTAGGGAGCGGGAGAGGG,GGGTAGGGAGCGGGAGTGGG,16,A,T,59.5,58.5,-1.0,58.0937385559082,60.04985427856445,1.95611572265625,85.0,0.0,0.0,0.0,7.0,3.0
GGGTAGGGAGCGGGAGAGGG,GGGTAGGGAGCTGGAGAGGG,11,G,T,59.5,48.0,-11.5,58.0937385559082,55.4477653503418,-2.6459732055664062,85.0,0.0,0.0,0.0,7.0,3.0
GGGTAGGGAGCGGGAGAGGG,GGGTAGGTAGCGGGAGAGGG,7,G,T,59.5,50.5,-9.0,58.0937385559082,54.36299133300781,-3.7307472229003906,85.0,0.0,0.0,0.0,7.0,3.0
GGGTAGGGAGCGGGAGAGGG,GGGTTGGGAGCGGGAGAGGG,4,A,T,59.5,60.2,0.7000000000000028,58.0937385559082,60.85676956176758,2.763031005859375,85.0,0.0,0.0,0.0,7.0,3.0
GGGTAGGGAGCGGGAGAGGG,GGTTAGGGAGCGGGAGAGGG,2,G,T,59.5,54.4,-5.100000000000001,58.0937385559082,51.77167892456055,-6.322059631347656,85.0,0.0,0.0,0.0,7.0,3.0
GGGTAGGGAGCTGGAGAGGG,GGTTAGGGAGCTGGAGAGGG,2,G,T,48.0,50.0,2.0,55.4477653503418,52.67886352539063,-2.7689018249511648,85.0,0.0,0.0,0.0,7.0,3.0
GGTTAGGGAGCGGGAGAGGG,GGTTAGGGAGCTGGAGAGGG,11,G,T,54.4,50.0,-4.399999999999999,51.77167892456055,52.67886352539063,0.9071846008300852,85.0,0.0,0.0,0.0,7.0,3.0
GGCTCAGGCTTAGGCTTAGG,GGCTTAGGCTTAGGCTTAGG,4,C,T,42.0,40.0,-2.0,48.796085357666016,41.02920150756836,-7.766883850097656,100.0,0.0,0.0,0.0,6.9,5.0
GGCTTAGGCATAGGCTTAGG,GGCTTAGGCTTAGGCTTAGG,9,A,T,40.0,40.0,0.0,41.06962203979492,41.02920150756836,-0.0404205322265625,100.0,0.0,0.0,0.0,6.9,5.0
GGCTTAGGCTTAGGCTCAGG,GGCTTAGGCTTAGGCTTAGG,16,C,T,37.0,40.0,3.0,48.796085357666016,41.02920150756836,-7.766883850097656,100.0,0.0,0.0,0.0,6.9,5.0
GGCTTAGGCTTAGGCTTAGG,GGCTTAGGCTTAGGTTTAGG,14,C,T,40.0,43.0,3.0,41.02920150756836,41.50333023071289,0.47412872314453125,100.0,0.0,0.0,0.0,6.9,5.0
GGCTTAGGCTTAGGCTTAGG,GGCTTAGGCTTTGGCTTAGG,11,A,T,40.0,42.0,2.0,41.02920150756836,41.14916610717773,0.1199645996093679,100.0,0.0,0.0,0.0,6.9,5.0
GGCTTAGGCTTAGGCTTAGG,GGCTTAGGTTTAGGCTTAGG,8,C,T,40.0,38.0,-2.0,41.02920150756836,41.50333023071289,0.47412872314453125,100.0,0.0,0.0,0.0,6.9,5.0
GGCTTAGGCTTAGGCTTAGG,GGTTTAGGCTTAGGCTTAGG,2,C,T,40.0,44.0,4.0,41.02920150756836,41.50333023071289,0.47412872314453125,100.0,0.0,0.0,0.0,6.9,5.0
AAGGGTGGGCGTAAGTGTGGGTGGGT,AAGGGTGGGTGTAAGTGTGGGTGGGT,9,C,T,76.0,76.5,0.5,73.06746673583984,76.57395935058594,3.5064926147460938,100.0,0.0,0.0,0.0,7.0,5.0
AAGGGTGGGTGAAAGTGTGGGTGGGT,AAGGGTGGGTGTAAGTGTGGGTGGGT,11,A,T,76.5,76.5,0.0,73.3705825805664,76.57395935058594,3.2033767700195312,100.0,0.0,0.0,0.0,7.0,5.0
AAGGGTGGGTGTAAGAGTGGGTGGGT,AAGGGTGGGTGTAAGTGTGGGTGGGT,15,A,T,76.3,76.5,0.20000000000000284,72.18810272216797,76.57395935058594,4.385856628417969,100.0,0.0,0.0,0.0,7.0,5.0
AAGGGTGGGTGTAAGTGCGGGTGGGT,AAGGGTGGGTGTAAGTGTGGGTGGGT,17,C,T,72.0,76.5,4.5,74.75685119628906,76.57395935058594,1.817108154296875,100.0,0.0,0.0,0.0,7.0,5.0
AAGGGTGGGTGTAAGTGTGGGTGGGT,AAGGGTGGGTGTAAGTTTGGGTGGGT,16,G,T,76.5,75.0,-1.5,76.57395935058594,74.99044036865234,-1.5835189819335938,100.0,0.0,0.0,0.0,7.0,5.0
AAGGGTGGGTGTAAGTGTGGGTGGGT,AAGGGTGGGTGTAATTGTGGGTGGGT,14,G,T,76.5,75.9,-0.5999999999999943,76.57395935058594,76.01416778564453,-0.5597915649414062,100.0,0.0,0.0,0.0,7.0,5.0
AAGGGTGGGTGTAAGTGTGGGTGGGT,AAGGGTGGGTGTATGTGTGGGTGGGT,13,A,T,76.5,76.5,0.0,76.57395935058594,72.92864990234375,-3.6453094482421875,100.0,0.0,0.0,0.0,7.0,5.0
AAGGGTGGGTGTAAGTGTGGGTGGGT,AAGGGTGGGTGTTAGTGTGGGTGGGT,12,A,T,76.5,76.7,0.20000000000000284,76.57395935058594,74.08687591552734,-2.4870834350585938,100.0,0.0,0.0,0.0,7.0,5.0
AAGGGTGGGTGTAAGTGTGGGTGGGT,AAGGGTGGGTTTAAGTGTGGGTGGGT,10,G,T,76.5,76.8,0.29999999999999716,76.57395935058594,74.78217315673828,-1.7917861938476562,100.0,0.0,0.0,0.0,7.0,5.0
AAGGGTGGGTGTAAGTGTGGGTGGGT,ATGGGTGGGTGTAAGTGTGGGTGGGT,1,A,T,76.5,73.5,-3.0,76.57395935058594,76.04627227783203,-0.5276870727539062,100.0,0.0,0.0,0.0,7.0,5.0
AAGGGTGGGTGTAAGTGTGGGTGGGT,TAGGGTGGGTGTAAGTGTGGGTGGGT,0,A,T,76.5,74.0,-2.5,76.57395935058594,76.15721893310547,-0.41674041748046875,100.0,0.0,0.0,0.0,7.0,5.0
AAGGGTGGGTTTTTTTGTGGGTGGGT,AAGGGTGGGTTTTTTTTTGGGTGGGT,16,G,T,76.5,75.0,-1.5,73.7669906616211,70.19429779052734,-3.57269287109375,100.0,0.0,0.0,0.0,7.0,5.0
ATGGGTGGGTGTAAGTGTGGGTGGGT,TTGGGTGGGTGTAAGTGTGGGTGGGT,0,A,T,73.5,71.5,-2.0,76.04627227783203,75.39947509765625,-0.6467971801757812,100.0,0.0,0.0,0.0,7.0,5.0
TAGGGTGGGTGTAAGTGTGGGTGGGT,TTGGGTGGGTGTAAGTGTGGGTGGGT,1,A,T,74.0,71.5,-2.5,76.15721893310547,75.39947509765625,-0.7577438354492188,100.0,0.0,0.0,0.0,7.0,5.0
GGGTTAGGGTTAGGGTTAGGG,GGGTTAGGGTTAGGGTTTGGG,17,A,T,63.1,70.75,7.649999999999999,64.11324310302734,65.2148208618164,1.1015777587890625,100.0,0.0,0.0,0.0,7.0,5.0
GGGAGGGTGTAAGTGTGGGAGGG,GGGAGGGTGTAAGTGTGGGCGGG,19,A,C,55.6,60.8,5.199999999999996,62.09082412719727,63.12458801269531,1.0337638854980398,100.0,0.0,0.0,0.0,7.2,5.0
GGGAGGGTGTAAGTGTGGGAGGG,GGGAGGGTGTAAGTGTGGGTGGG,19,A,T,55.6,62.2,6.600000000000001,62.09082412719727,67.10521697998047,5.014392852783196,100.0,0.0,0.0,0.0,7.2,5.0
GGGAGGGTGTAAGTGTGGGAGGG,GGGCGGGTGTAAGTGTGGGAGGG,3,A,C,55.6,61.5,5.899999999999999,62.09082412719727,63.12458801269531,1.0337638854980398,100.0,0.0,0.0,0.0,7.2,5.0
GGGAGGGTGTAAGTGTGGGAGGG,GGGTGGGTGTAAGTGTGGGAGGG,3,A,T,55.6,65.2,9.600000000000001,62.09082412719727,67.10521697998047,5.014392852783196,100.0,0.0,0.0,0.0,7.2,5.0
GGGAGGGTGTAAGTGTGGGCGGG,GGGAGGGTGTAAGTGTGGGTGGG,19,C,T,60.8,62.2,1.4000000000000057,63.12458801269531,67.10521697998047,3.9806289672851562,100.0,0.0,0.0,0.0,7.2,5.0
GGGAGGGTGTAAGTGTGGGCGGG,GGGCGGGTGTAAGTGTGGGCGGG,3,A,C,60.8,67.0,6.200000000000003,63.12458801269531,67.50944519042969,4.384857177734375,100.0,0.0,0.0,0.0,7.2,5.0
GGGAGGGTGTAAGTGTGGGCGGG,GGGTGGGTGTAAGTGTGGGCGGG,3,A,T,60.8,69.2,8.400000000000006,63.12458801269531,70.04303741455078,6.918449401855469,100.0,0.0,0.0,0.0,7.2,5.0
GGGAGGGTGTAAGTGTGGGTGGG,GGGCGGGTGTAAGTGTGGGTGGG,3,A,C,62.2,67.8,5.599999999999994,67.10521697998047,70.04303741455078,2.9378204345703125,100.0,0.0,0.0,0.0,7.2,5.0
GGGAGGGTGTAAGTGTGGGTGGG,GGGTGGGTGTAAGTGTGGGTGGG,3,A,T,62.2,70.9,8.700000000000003,67.10521697998047,69.92566680908203,2.8204498291015625,100.0,0.0,0.0,0.0,7.2,5.0
GGGCGGGTGTAAGTGTGGGAGGG,GGGCGGGTGTAAGTGTGGGCGGG,19,A,C,61.5,67.0,5.5,63.12458801269531,67.50944519042969,4.384857177734375,100.0,0.0,0.0,0.0,7.2,5.0
GGGCGGGTGTAAGTGTGGGAGGG,GGGCGGGTGTAAGTGTGGGTGGG,19,A,T,61.5,67.8,6.299999999999997,63.12458801269531,70.04303741455078,6.918449401855469,100.0,0.0,0.0,0.0,7.2,5.0
GGGCGGGTGTAAGTGTGGGAGGG,GGGTGGGTGTAAGTGTGGGAGGG,3,C,T,61.5,65.2,3.700000000000003,63.12458801269531,67.10521697998047,3.9806289672851562,100.0,0.0,0.0,0.0,7.2,5.0
GGGCGGGTGTAAGTGTGGGCGGG,GGGCGGGTGTAAGTGTGGGTGGG,19,C,T,67.0,67.8,0.7999999999999972,67.50944519042969,70.04303741455078,2.5335922241210938,100.0,0.0,0.0,0.0,7.2,5.0
GGGCGGGTGTAAGTGTGGGCGGG,GGGTGGGTGTAAGTGTGGGCGGG,3,C,T,67.0,69.2,2.200000000000003,67.50944519042969,70.04303741455078,2.5335922241210938,100.0,0.0,0.0,0.0,7.2,5.0
GGGCGGGTGTAAGTGTGGGTGGG,GGGTGGGTGTAAGTGTGGGTGGG,3,C,T,67.8,70.9,3.1000000000000085,70.04303741455078,69.92566680908203,-0.11737060546875,100.0,0.0,0.0,0.0,7.2,5.0
GGGTGGGTGTAAGTGTGGGAGGG,GGGTGGGTGTAAGTGTGGGCGGG,19,A,C,65.2,69.2,4.0,67.10521697998047,70.04303741455078,2.9378204345703125,100.0,0.0,0.0,0.0,7.2,5.0
GGGTGGGTGTAAGTGTGGGAGGG,GGGTGGGTGTAAGTGTGGGTGGG,19,A,T,65.2,70.9,5.700000000000003,67.10521697998047,69.92566680908203,2.8204498291015625,100.0,0.0,0.0,0.0,7.2,5.0
GGGTGGGTGTAAGTGTGGGCGGG,GGGTGGGTGTAAGTGTGGGTGGG,19,C,T,69.2,70.9,1.7000000000000028,70.04303741455078,69.92566680908203,-0.11737060546875,100.0,0.0,0.0,0.0,7.2,5.0
GGGAGGGTTTGGGAGGG,GGGAGGGTTTGGGCGGG,13,A,C,70.2,74.5,4.299999999999997,69.51551055908203,72.88890838623047,3.3733978271484375,100.0,0.0,0.0,0.0,7.2,5.0
GGGAGGGTTTGGGAGGG,GGGAGGGTTTGGGTGGG,13,A,T,70.2,75.9,5.700000000000003,69.51551055908203,77.70217895507812,8.186668395996094,100.0,0.0,0.0,0.0,7.2,5.0
GGGAGGGTTTGGGAGGG,GGGCGGGTTTGGGAGGG,3,A,C,70.2,75.2,5.0,69.51551055908203,72.88890838623047,3.3733978271484375,100.0,0.0,0.0,0.0,7.2,5.0
GGGAGGGTTTGGGAGGG,GGGTGGGTTTGGGAGGG,3,A,T,70.2,73.8,3.5999999999999943,69.51551055908203,77.70217895507812,8.186668395996094,100.0,0.0,0.0,0.0,7.2,5.0
GGGAGGGTTTGGGCGGG,GGGAGGGTTTGGGTGGG,13,C,T,74.5,75.9,1.4000000000000057,72.88890838623047,77.70217895507812,4.813270568847656,100.0,0.0,0.0,0.0,7.2,5.0
GGGAGGGTTTGGGCGGG,GGGCGGGTTTGGGCGGG,3,A,C,74.5,79.2,4.700000000000003,72.88890838623047,78.1595687866211,5.270660400390625,100.0,0.0,0.0,0.0,7.2,5.0
GGGAGGGTTTGGGCGGG,GGGTGGGTTTGGGCGGG,3,A,T,74.5,78.2,3.700000000000003,72.88890838623047,77.1783676147461,4.289459228515625,100.0,0.0,0.0,0.0,7.2,5.0
GGGAGGGTTTGGGTGGG,GGGCGGGTTTGGGTGGG,3,A,C,75.9,79.4,3.5,77.70217895507812,77.1783676147461,-0.5238113403320312,100.0,0.0,0.0,0.0,7.2,5.0
GGGAGGGTTTGGGTGGG,GGGTGGGTTTGGGTGGG,3,A,T,75.9,82.8,6.8999999999999915,77.70217895507812,80.06522369384766,2.3630447387695312,100.0,0.0,0.0,0.0,7.2,5.0
GGGCGGGTTTGGGAGGG,GGGCGGGTTTGGGCGGG,13,A,C,75.2,79.2,4.0,72.88890838623047,78.1595687866211,5.270660400390625,100.0,0.0,0.0,0.0,7.2,5.0
GGGCGGGTTTGGGAGGG,GGGCGGGTTTGGGTGGG,13,A,T,75.2,79.4,4.200000000000003,72.88890838623047,77.1783676147461,4.289459228515625,100.0,0.0,0.0,0.0,7.2,5.0
GGGCGGGTTTGGGAGGG,GGGTGGGTTTGGGAGGG,3,C,T,75.2,73.8,-1.4000000000000057,72.88890838623047,77.70217895507812,4.813270568847656,100.0,0.0,0.0,0.0,7.2,5.0
GGGCGGGTTTGGGCGGG,GGGCGGGTTTGGGTGGG,13,C,T,79.2,79.4,0.20000000000000284,78.1595687866211,77.1783676147461,-0.981201171875,100.0,0.0,0.0,0.0,7.2,5.0
GGGCGGGTTTGGGCGGG,GGGTGGGTTTGGGCGGG,3,C,T,79.2,78.2,-1.0,78.1595687866211,77.1783676147461,-0.981201171875,100.0,0.0,0.0,0.0,7.2,5.0
GGGCGGGTTTGGGTGGG,GGGTGGGTTTGGGTGGG,3,C,T,79.4,82.8,3.3999999999999915,77.1783676147461,80.06522369384766,2.8868560791015625,100.0,0.0,0.0,0.0,7.2,5.0
GGGTGGGTTTGGGAGGG,GGGTGGGTTTGGGCGGG,13,A,C,73.8,78.2,4.400000000000006,77.70217895507812,77.1783676147461,-0.5238113403320312,100.0,0.0,0.0,0.0,7.2,5.0
GGGTGGGTTTGGGAGGG,GGGTGGGTTTGGGTGGG,13,A,T,73.8,82.8,9.0,77.70217895507812,80.06522369384766,2.3630447387695312,100.0,0.0,0.0,0.0,7.2,5.0
GGGTGGGTTTGGGCGGG,GGGTGGGTTTGGGTGGG,13,C,T,78.2,82.8,4.599999999999994,77.1783676147461,80.06522369384766,2.8868560791015625,100.0,0.0,0.0,0.0,7.2,5.0
GGGAGGGTTTTTTGGGAGGG,GGGAGGGTTTTTTGGGCGGG,16,A,C,61.0,66.1,5.099999999999994,62.0755615234375,64.31868743896484,2.2431259155273438,100.0,0.0,0.0,0.0,7.2,5.0
GGGAGGGTTTTTTGGGAGGG,GGGAGGGTTTTTTGGGTGGG,16,A,T,61.0,67.0,6.0,62.0755615234375,66.4834976196289,4.407936096191406,100.0,0.0,0.0,0.0,7.2,5.0
GGGAGGGTTTTTTGGGAGGG,GGGCGGGTTTTTTGGGAGGG,3,A,C,61.0,65.1,4.099999999999994,62.0755615234375,64.31868743896484,2.2431259155273438,100.0,0.0,0.0,0.0,7.2,5.0
GGGAGGGTTTTTTGGGAGGG,GGGTGGGTTTTTTGGGAGGG,3,A,T,61.0,64.0,3.0,62.0755615234375,66.4834976196289,4.407936096191406,100.0,0.0,0.0,0.0,7.2,5.0
GGGAGGGTTTTTTGGGCGGG,GGGAGGGTTTTTTGGGTGGG,16,C,T,66.1,67.0,0.9000000000000057,64.31868743896484,66.4834976196289,2.1648101806640625,100.0,0.0,0.0,0.0,7.2,5.0
GGGAGGGTTTTTTGGGCGGG,GGGCGGGTTTTTTGGGCGGG,3,A,C,66.1,71.5,5.400000000000006,64.31868743896484,67.0276870727539,2.7089996337890625,100.0,0.0,0.0,0.0,7.2,5.0
GGGAGGGTTTTTTGGGCGGG,GGGTGGGTTTTTTGGGCGGG,3,A,T,66.1,69.0,2.9000000000000057,64.31868743896484,67.31719207763672,2.998504638671875,100.0,0.0,0.0,0.0,7.2,5.0
GGGAGGGTTTTTTGGGTGGG,GGGCGGGTTTTTTGGGTGGG,3,A,C,67.0,71.8,4.799999999999997,66.4834976196289,67.31719207763672,0.8336944580078125,100.0,0.0,0.0,0.0,7.2,5.0
GGGAGGGTTTTTTGGGTGGG,GGGTGGGTTTTTTGGGTGGG,3,A,T,67.0,73.0,6.0,66.4834976196289,71.25910186767578,4.775604248046875,100.0,0.0,0.0,0.0,7.2,5.0
GGGCGGGTTTTTTGGGAGGG,GGGCGGGTTTTTTGGGCGGG,16,A,C,65.1,71.5,6.400000000000006,64.31868743896484,67.0276870727539,2.7089996337890625,100.0,0.0,0.0,0.0,7.2,5.0
GGGCGGGTTTTTTGGGAGGG,GGGCGGGTTTTTTGGGTGGG,16,A,T,65.1,71.8,6.700000000000003,64.31868743896484,67.31719207763672,2.998504638671875,100.0,0.0,0.0,0.0,7.2,5.0
GGGCGGGTTTTTTGGGAGGG,GGGTGGGTTTTTTGGGAGGG,3,C,T,65.1,64.0,-1.0999999999999943,64.31868743896484,66.4834976196289,2.1648101806640625,100.0,0.0,0.0,0.0,7.2,5.0
GGGCGGGTTTTTTGGGCGGG,GGGCGGGTTTTTTGGGTGGG,16,C,T,71.5,71.8,0.29999999999999716,67.0276870727539,67.31719207763672,0.2895050048828125,100.0,0.0,0.0,0.0,7.2,5.0
GGGCGGGTTTTTTGGGCGGG,GGGTGGGTTTTTTGGGCGGG,3,C,T,71.5,69.0,-2.5,67.0276870727539,67.31719207763672,0.2895050048828125,100.0,0.0,0.0,0.0,7.2,5.0
GGGCGGGTTTTTTGGGTGGG,GGGTGGGTTTTTTGGGTGGG,3,C,T,71.8,73.0,1.2000000000000028,67.31719207763672,71.25910186767578,3.9419097900390625,100.0,0.0,0.0,0.0,7.2,5.0
GGGTGGGTTTTTTGGGAGGG,GGGTGGGTTTTTTGGGCGGG,16,A,C,64.0,69.0,5.0,66.4834976196289,67.31719207763672,0.8336944580078125,100.0,0.0,0.0,0.0,7.2,5.0
GGGTGGGTTTTTTGGGAGGG,GGGTGGGTTTTTTGGGTGGG,16,A,T,64.0,73.0,9.0,66.4834976196289,71.25910186767578,4.775604248046875,100.0,0.0,0.0,0.0,7.2,5.0
GGGTGGGTTTTTTGGGCGGG,GGGTGGGTTTTTTGGGTGGG,16,C,T,69.0,73.0,4.0,67.31719207763672,71.25910186767578,3.9419097900390625,100.0,0.0,0.0,0.0,7.2,5.0
GGGCCTGTCAGGGTTTGGGTTTGGG,GGGCCTTTCAGGGTTTGGGTTTGGG,6,G,T,57.5,56.5,-1.0,56.78123474121094,57.14007568359375,0.3588409423828125,100.0,0.0,0.0,0.0,7.2,5.0
GGGTTTGGGCCTGTCAGGGTTTGGG,GGGTTTGGGCCTTTCAGGGTTTGGG,12,G,T,60.2,61.8,1.5999999999999943,60.244140625,59.57578659057617,-0.6683540344238281,100.0,0.0,0.0,0.0,7.2,5.0
GGGTTTGGGTTTGGGCCTGTCAGGG,GGGTTTGGGTTTGGGCCTTTCAGGG,18,G,T,57.0,59.0,2.0,57.8085823059082,55.68434524536133,-2.124237060546875,100.0,0.0,0.0,0.0,7.2,5.0
GGGTTTGGGAAAGGGTTTGGG,GGGTTTGGGAACGGGTTTGGG,11,A,C,60.2,61.0,0.7999999999999972,61.53668594360352,61.16899108886719,-0.36769485473633523,100.0,0.0,0.0,0.0,7.2,5.0
GGGTTTGGGAAAGGGTTTGGG,GGGTTTGGGAATGGGTTTGGG,11,A,T,60.2,60.5,0.29999999999999716,61.53668594360352,60.31094741821289,-1.225738525390632,100.0,0.0,0.0,0.0,7.2,5.0
GGGTTTGGGAAAGGGTTTGGG,GGGTTTGGGACAGGGTTTGGG,10,A,C,60.2,60.0,-0.20000000000000284,61.53668594360352,60.605350494384766,-0.9313354492187571,100.0,0.0,0.0,0.0,7.2,5.0
GGGTTTGGGAAAGGGTTTGGG,GGGTTTGGGAGAGGGTTTGGG,10,A,G,60.2,60.3,0.09999999999999432,61.53668594360352,61.33168029785156,-0.20500564575196023,100.0,0.0,0.0,0.0,7.2,5.0
GGGTTTGGGAAAGGGTTTGGG,GGGTTTGGGATAGGGTTTGGG,10,A,T,60.2,61.5,1.2999999999999972,61.53668594360352,61.9027099609375,0.36602401733397727,100.0,0.0,0.0,0.0,7.2,5.0
GGGTTTGGGAAAGGGTTTGGG,GGGTTTGGGCAAGGGTTTGGG,9,A,C,60.2,63.5,3.299999999999997,61.53668594360352,63.18613815307617,1.6494522094726491,100.0,0.0,0.0,0.0,7.2,5.0
GGGTTTGGGAAAGGGTTTGGG,GGGTTTGGGTAAGGGTTTGGG,9,A,T,60.2,65.5,5.299999999999997,61.53668594360352,64.1379165649414,2.6012306213378835,100.0,0.0,0.0,0.0,7.2,5.0
GGGTTTGGGAACGGGTTTGGG,GGGTTTGGGAATGGGTTTGGG,11,C,T,61.0,60.5,-0.5,61.16899108886719,60.31094741821289,-0.8580436706542969,100.0,0.0,0.0,0.0,7.2,5.0
GGGTTTGGGAACGGGTTTGGG,GGGTTTGGGACCGGGTTTGGG,10,A,C,61.0,57.5,-3.5,61.16899108886719,60.59999465942383,-0.5689964294433594,100.0,0.0,0.0,0.0,7.2,5.0
GGGTTTGGGAACGGGTTTGGG,GGGTTTGGGAGCGGGTTTGGG,10,A,G,61.0,60.5,-0.5,61.16899108886719,62.139591217041016,0.9706001281738281,100.0,0.0,0.0,0.0,7.2,5.0
GGGTTTGGGAACGGGTTTGGG,GGGTTTGGGATCGGGTTTGGG,10,A,T,61.0,59.0,-2.0,61.16899108886719,61.35530471801758,0.18631362915039062,100.0,0.0,0.0,0.0,7.2,5.0
GGGTTTGGGAACGGGTTTGGG,GGGTTTGGGCACGGGTTTGGG,9,A,C,61.0,65.0,4.0,61.16899108886719,63.260250091552734,2.091259002685547,100.0,0.0,0.0,0.0,7.2,5.0
GGGTTTGGGAACGGGTTTGGG,GGGTTTGGGTACGGGTTTGGG,9,A,T,61.0,63.0,2.0,61.16899108886719,64.53023529052734,3.3612442016601562,100.0,0.0,0.0,0.0,7.2,5.0
GGGTTTGGGAATGGGTTTGGG,GGGTTTGGGACTGGGTTTGGG,10,A,C,60.5,58.5,-2.0,60.31094741821289,58.84716796875,-1.4637794494628906,100.0,0.0,0.0,0.0,7.2,5.0
GGGTTTGGGAATGGGTTTGGG,GGGTTTGGGAGTGGGTTTGGG,10,A,G,60.5,61.8,1.2999999999999972,60.31094741821289,61.51955795288086,1.2086105346679688,100.0,0.0,0.0,0.0,7.2,5.0
GGGTTTGGGAATGGGTTTGGG,GGGTTTGGGATTGGGTTTGGG,10,A,T,60.5,61.5,1.0,60.31094741821289,61.7055549621582,1.3946075439453125,100.0,0.0,0.0,0.0,7.2,5.0
GGGTTTGGGAATGGGTTTGGG,GGGTTTGGGCATGGGTTTGGG,9,A,C,60.5,63.0,2.5,60.31094741821289,62.91807174682617,2.6071243286132812,100.0,0.0,0.0,0.0,7.2,5.0
GGGTTTGGGAATGGGTTTGGG,GGGTTTGGGTATGGGTTTGGG,9,A,T,60.5,64.2,3.700000000000003,60.31094741821289,63.99177551269531,3.680828094482422,100.0,0.0,0.0,0.0,7.2,5.0
GGGTTTGGGACAGGGTTTGGG,GGGTTTGGGACCGGGTTTGGG,11,A,C,60.0,57.5,-2.5,60.605350494384766,60.59999465942383,-0.0053558349609375,100.0,0.0,0.0,0.0,7.2,5.0
GGGTTTGGGACAGGGTTTGGG,GGGTTTGGGACTGGGTTTGGG,11,A,T,60.0,58.5,-1.5,60.605350494384766,58.84716796875,-1.7581825256347656,100.0,0.0,0.0,0.0,7.2,5.0
GGGTTTGGGACAGGGTTTGGG,GGGTTTGGGAGAGGGTTTGGG,10,C,G,60.0,60.3,0.29999999999999716,60.605350494384766,61.33168029785156,0.7263298034667969,100.0,0.0,0.0,0.0,7.2,5.0
GGGTTTGGGACAGGGTTTGGG,GGGTTTGGGATAGGGTTTGGG,10,C,T,60.0,61.5,1.5,60.605350494384766,61.9027099609375,1.2973594665527344,100.0,0.0,0.0,0.0,7.2,5.0
GGGTTTGGGACAGGGTTTGGG,GGGTTTGGGCCAGGGTTTGGG,9,A,C,60.0,63.0,3.0,60.605350494384766,63.1729621887207,2.5676116943359375,100.0,0.0,0.0,0.0,7.2,5.0
GGGTTTGGGACAGGGTTTGGG,GGGTTTGGGTCAGGGTTTGGG,9,A,T,60.0,62.0,2.0,60.605350494384766,62.03025817871094,1.4249076843261719,100.0,0.0,0.0,0.0,7.2,5.0
GGGTTTGGGACCGGGTTTGGG,GGGTTTGGGACTGGGTTTGGG,11,C,T,57.5,58.5,1.0,60.59999465942383,58.84716796875,-1.7528266906738281,100.0,0.0,0.0,0.0,7.2,5.0
GGGTTTGGGACCGGGTTTGGG,GGGTTTGGGAGCGGGTTTGGG,10,C,G,57.5,60.5,3.0,60.59999465942383,62.139591217041016,1.5395965576171875,100.0,0.0,0.0,0.0,7.2,5.0
GGGTTTGGGACCGGGTTTGGG,GGGTTTGGGATCGGGTTTGGG,10,C,T,57.5,59.0,1.5,60.59999465942383,61.35530471801758,0.75531005859375,100.0,0.0,0.0,0.0,7.2,5.0
GGGTTTGGGACCGGGTTTGGG,GGGTTTGGGCCCGGGTTTGGG,9,A,C,57.5,61.8,4.299999999999997,60.59999465942383,61.18864822387695,0.588653564453125,100.0,0.0,0.0,0.0,7.2,5.0
GGGTTTGGGACCGGGTTTGGG,GGGTTTGGGTCCGGGTTTGGG,9,A,T,57.5,62.5,5.0,60.59999465942383,63.80270385742188,3.202709197998054,100.0,0.0,0.0,0.0,7.2,5.0
GGGTTTGGGACTGGGTTTGGG,GGGTTTGGGAGTGGGTTTGGG,10,C,G,58.5,61.8,3.299999999999997,58.84716796875,61.51955795288086,2.6723899841308594,100.0,0.0,0.0,0.0,7.2,5.0
GGGTTTGGGACTGGGTTTGGG,GGGTTTGGGATTGGGTTTGGG,10,C,T,58.5,61.5,3.0,58.84716796875,61.7055549621582,2.858386993408203,100.0,0.0,0.0,0.0,7.2,5.0
GGGTTTGGGACTGGGTTTGGG,GGGTTTGGGCCTGGGTTTGGG,9,A,C,58.5,61.5,3.0,58.84716796875,61.79409790039063,2.946929931640632,100.0,0.0,0.0,0.0,7.2,5.0
GGGTTTGGGACTGGGTTTGGG,GGGTTTGGGTCTGGGTTTGGG,9,A,T,58.5,63.0,4.5,58.84716796875,63.60964584350586,4.762477874755859,100.0,0.0,0.0,0.0,7.2,5.0
GGGTTTGGGAGAGGGTTTGGG,GGGTTTGGGAGCGGGTTTGGG,11,A,C,60.3,60.5,0.20000000000000284,61.33168029785156,62.139591217041016,0.8079109191894531,100.0,0.0,0.0,0.0,7.2,5.0
GGGTTTGGGAGAGGGTTTGGG,GGGTTTGGGAGTGGGTTTGGG,11,A,T,60.3,61.8,1.5,61.33168029785156,61.51955795288086,0.18787765502929688,100.0,0.0,0.0,0.0,7.2,5.0
GGGTTTGGGAGAGGGTTTGGG,GGGTTTGGGATAGGGTTTGGG,10,G,T,60.3,61.5,1.2000000000000028,61.33168029785156,61.9027099609375,0.5710296630859375,100.0,0.0,0.0,0.0,7.2,5.0
GGGTTTGGGAGAGGGTTTGGG,GGGTTTGGGCGAGGGTTTGGG,9,A,C,60.3,63.8,3.5,61.33168029785156,63.932376861572266,2.600696563720703,100.0,0.0,0.0,0.0,7.2,5.0
GGGTTTGGGAGAGGGTTTGGG,GGGTTTGGGTGAGGGTTTGGG,9,A,T,60.3,64.0,3.700000000000003,61.33168029785156,63.64770126342773,2.3160209655761648,100.0,0.0,0.0,0.0,7.2,5.0
GGGTTTGGGAGCGGGTTTGGG,GGGTTTGGGAGTGGGTTTGGG,11,C,T,60.5,61.8,1.2999999999999972,62.139591217041016,61.51955795288086,-0.6200332641601562,100.0,0.0,0.0,0.0,7.2,5.0
GGGTTTGGGAGCGGGTTTGGG,GGGTTTGGGATCGGGTTTGGG,10,G,T,60.5,59.0,-1.5,62.139591217041016,61.35530471801758,-0.7842864990234375,100.0,0.0,0.0,0.0,7.2,5.0
GGGTTTGGGAGCGGGTTTGGG,GGGTTTGGGCGCGGGTTTGGG,9,A,C,60.5,64.2,3.700000000000003,62.139591217041016,65.37683868408203,3.2372474670410156,100.0,0.0,0.0,0.0,7.2,5.0
GGGTTTGGGAGCGGGTTTGGG,GGGTTTGGGTGCGGGTTTGGG,9,A,T,60.5,64.0,3.5,62.139591217041016,65.44535064697266,3.3057594299316406,100.0,0.0,0.0,0.0,7.2,5.0
GGGTTTGGGAGTGGGTTTGGG,GGGTTTGGGATTGGGTTTGGG,10,G,T,61.8,61.5,-0.29999999999999716,61.51955795288086,61.7055549621582,0.18599700927734375,100.0,0.0,0.0,0.0,7.2,5.0
GGGTTTGGGAGTGGGTTTGGG,GGGTTTGGGCGTGGGTTTGGG,9,A,C,61.8,65.7,3.9000000000000057,61.51955795288086,63.5970344543457,2.0774765014648438,100.0,0.0,0.0,0.0,7.2,5.0
GGGTTTGGGAGTGGGTTTGGG,GGGTTTGGGTGTGGGTTTGGG,9,A,T,61.8,66.0,4.200000000000003,61.51955795288086,70.5,8.98044204711914,100.0,0.0,0.0,0.0,7.2,5.0
GGGTTTGGGATAGGGTTTGGG,GGGTTTGGGATCGGGTTTGGG,11,A,C,61.5,59.0,-2.5,61.9027099609375,61.35530471801758,-0.5474052429199219,100.0,0.0,0.0,0.0,7.2,5.0
GGGTTTGGGATAGGGTTTGGG,GGGTTTGGGATTGGGTTTGGG,11,A,T,61.5,61.5,0.0,61.9027099609375,61.7055549621582,-0.19715499877929688,100.0,0.0,0.0,0.0,7.2,5.0
GGGTTTGGGATAGGGTTTGGG,GGGTTTGGGCTAGGGTTTGGG,9,A,C,61.5,63.0,1.5,61.9027099609375,63.9147834777832,2.012073516845703,100.0,0.0,0.0,0.0,7.2,5.0
GGGTTTGGGATAGGGTTTGGG,GGGTTTGGGTTAGGGTTTGGG,9,A,T,61.5,65.0,3.5,61.9027099609375,65.61300659179688,3.710296630859375,100.0,0.0,0.0,0.0,7.2,5.0
GGGTTTGGGATCGGGTTTGGG,GGGTTTGGGATTGGGTTTGGG,11,C,T,59.0,61.5,2.5,61.35530471801758,61.7055549621582,0.350250244140625,100.0,0.0,0.0,0.0,7.2,5.0
GGGTTTGGGATCGGGTTTGGG,GGGTTTGGGCTCGGGTTTGGG,9,A,C,59.0,64.5,5.5,61.35530471801758,63.73088073730469,2.3755760192871094,100.0,0.0,0.0,0.0,7.2,5.0
GGGTTTGGGATCGGGTTTGGG,GGGTTTGGGTTCGGGTTTGGG,9,A,T,59.0,64.0,5.0,61.35530471801758,64.90994262695312,3.554637908935547,100.0,0.0,0.0,0.0,7.2,5.0
GGGTTTGGGATTGGGTTTGGG,GGGTTTGGGCTTGGGTTTGGG,9,A,C,61.5,63.0,1.5,61.7055549621582,63.47468185424805,1.7691268920898438,100.0,0.0,0.0,0.0,7.2,5.0
GGGTTTGGGATTGGGTTTGGG,GGGTTTGGGTTTGGGTTTGGG,9,A,T,61.5,64.0,2.5,61.7055549621582,62.63865280151367,0.9330978393554688,100.0,0.0,0.0,0.0,7.2,5.0
GGGTTTGGGCAAGGGTTTGGG,GGGTTTGGGCACGGGTTTGGG,11,A,C,63.5,65.0,1.5,63.18613815307617,63.260250091552734,0.0741119384765625,100.0,0.0,0.0,0.0,7.2,5.0
GGGTTTGGGCAAGGGTTTGGG,GGGTTTGGGCATGGGTTTGGG,11,A,T,63.5,63.0,-0.5,63.18613815307617,62.91807174682617,-0.26806640625,100.0,0.0,0.0,0.0,7.2,5.0
GGGTTTGGGCAAGGGTTTGGG,GGGTTTGGGCCAGGGTTTGGG,10,A,C,63.5,63.0,-0.5,63.18613815307617,63.1729621887207,-0.01317596435546875,100.0,0.0,0.0,0.0,7.2,5.0
GGGTTTGGGCAAGGGTTTGGG,GGGTTTGGGCGAGGGTTTGGG,10,A,G,63.5,63.8,0.29999999999999716,63.18613815307617,63.932376861572266,0.7462387084960938,100.0,0.0,0.0,0.0,7.2,5.0
GGGTTTGGGCAAGGGTTTGGG,GGGTTTGGGCTAGGGTTTGGG,10,A,T,63.5,63.0,-0.5,63.18613815307617,63.9147834777832,0.7286453247070312,100.0,0.0,0.0,0.0,7.2,5.0
GGGTTTGGGCAAGGGTTTGGG,GGGTTTGGGTAAGGGTTTGGG,9,C,T,63.5,65.5,2.0,63.18613815307617,64.1379165649414,0.9517784118652344,100.0,0.0,0.0,0.0,7.2,5.0
GGGTTTGGGCACGGGTTTGGG,GGGTTTGGGCATGGGTTTGGG,11,C,T,65.0,63.0,-2.0,63.260250091552734,62.91807174682617,-0.3421783447265625,100.0,0.0,0.0,0.0,7.2,5.0
GGGTTTGGGCACGGGTTTGGG,GGGTTTGGGCCCGGGTTTGGG,10,A,C,65.0,61.8,-3.200000000000003,63.260250091552734,61.18864822387695,-2.0716018676757812,100.0,0.0,0.0,0.0,7.2,5.0
GGGTTTGGGCACGGGTTTGGG,GGGTTTGGGCGCGGGTTTGGG,10,A,G,65.0,64.2,-0.7999999999999972,63.260250091552734,65.37683868408203,2.116588592529297,100.0,0.0,0.0,0.0,7.2,5.0
GGGTTTGGGCACGGGTTTGGG,GGGTTTGGGCTCGGGTTTGGG,10,A,T,65.0,64.5,-0.5,63.260250091552734,63.73088073730469,0.4706306457519531,100.0,0.0,0.0,0.0,7.2,5.0
GGGTTTGGGCACGGGTTTGGG,GGGTTTGGGTACGGGTTTGGG,9,C,T,65.0,63.0,-2.0,63.260250091552734,64.53023529052734,1.2699851989746094,100.0,0.0,0.0,0.0,7.2,5.0
GGGTTTGGGCATGGGTTTGGG,GGGTTTGGGCCTGGGTTTGGG,10,A,C,63.0,61.5,-1.5,62.91807174682617,61.79409790039063,-1.1239738464355398,100.0,0.0,0.0,0.0,7.2,5.0
GGGTTTGGGCATGGGTTTGGG,GGGTTTGGGCGTGGGTTTGGG,10,A,G,63.0,65.7,2.700000000000003,62.91807174682617,63.5970344543457,0.6789627075195312,100.0,0.0,0.0,0.0,7.2,5.0
GGGTTTGGGCATGGGTTTGGG,GGGTTTGGGCTTGGGTTTGGG,10,A,T,63.0,63.0,0.0,62.91807174682617,63.47468185424805,0.556610107421875,100.0,0.0,0.0,0.0,7.2,5.0
GGGTTTGGGCATGGGTTTGGG,GGGTTTGGGTATGGGTTTGGG,9,C,T,63.0,64.2,1.2000000000000028,62.91807174682617,63.99177551269531,1.0737037658691406,100.0,0.0,0.0,0.0,7.2,5.0
GGGTTTGGGCCAGGGTTTGGG,GGGTTTGGGCCCGGGTTTGGG,11,A,C,63.0,61.8,-1.2000000000000028,63.1729621887207,61.18864822387695,-1.98431396484375,100.0,0.0,0.0,0.0,7.2,5.0
GGGTTTGGGCCAGGGTTTGGG,GGGTTTGGGCCTGGGTTTGGG,11,A,T,63.0,61.5,-1.5,63.1729621887207,61.79409790039063,-1.378864288330071,100.0,0.0,0.0,0.0,7.2,5.0
GGGTTTGGGCCAGGGTTTGGG,GGGTTTGGGCGAGGGTTTGGG,10,C,G,63.0,63.8,0.7999999999999972,63.1729621887207,63.932376861572266,0.7594146728515625,100.0,0.0,0.0,0.0,7.2,5.0
GGGTTTGGGCCAGGGTTTGGG,GGGTTTGGGCTAGGGTTTGGG,10,C,T,63.0,63.0,0.0,63.1729621887207,63.9147834777832,0.7418212890625,100.0,0.0,0.0,0.0,7.2,5.0
GGGTTTGGGCCAGGGTTTGGG,GGGTTTGGGTCAGGGTTTGGG,9,C,T,63.0,62.0,-1.0,63.1729621887207,62.03025817871094,-1.1427040100097656,100.0,0.0,0.0,0.0,7.2,5.0
GGGTTTGGGCCCGGGTTTGGG,GGGTTTGGGCCTGGGTTTGGG,11,C,T,61.8,61.5,-0.29999999999999716,61.18864822387695,61.79409790039063,0.605449676513679,100.0,0.0,0.0,0.0,7.2,5.0
GGGTTTGGGCCCGGGTTTGGG,GGGTTTGGGCGCGGGTTTGGG,10,C,G,61.8,64.2,2.4000000000000057,61.18864822387695,65.37683868408203,4.188190460205078,100.0,0.0,0.0,0.0,7.2,5.0
GGGTTTGGGCCCGGGTTTGGG,GGGTTTGGGCTCGGGTTTGGG,10,C,T,61.8,64.5,2.700000000000003,61.18864822387695,63.73088073730469,2.5422325134277344,100.0,0.0,0.0,0.0,7.2,5.0
GGGTTTGGGCCCGGGTTTGGG,GGGTTTGGGTCCGGGTTTGGG,9,C,T,61.8,62.5,0.7000000000000028,61.18864822387695,63.80270385742188,2.614055633544929,100.0,0.0,0.0,0.0,7.2,5.0
GGGTTTGGGCCTGGGTTTGGG,GGGTTTGGGCGTGGGTTTGGG,10,C,G,61.5,65.7,4.200000000000003,61.79409790039063,63.5970344543457,1.802936553955071,100.0,0.0,0.0,0.0,7.2,5.0
GGGTTTGGGCCTGGGTTTGGG,GGGTTTGGGCTTGGGTTTGGG,10,C,T,61.5,63.0,1.5,61.79409790039063,63.47468185424805,1.6805839538574148,100.0,0.0,0.0,0.0,7.2,5.0
GGGTTTGGGCCTGGGTTTGGG,GGGTTTGGGTCTGGGTTTGGG,9,C,T,61.5,63.0,1.5,61.79409790039063,63.60964584350586,1.8155479431152273,100.0,0.0,0.0,0.0,7.2,5.0
GGGTTTGGGCGAGGGTTTGGG,GGGTTTGGGCGCGGGTTTGGG,11,A,C,63.8,64.2,0.4000000000000057,63.932376861572266,65.37683868408203,1.4444618225097656,100.0,0.0,0.0,0.0,7.2,5.0
GGGTTTGGGCGAGGGTTTGGG,GGGTTTGGGCGTGGGTTTGGG,11,A,T,63.8,65.7,1.9000000000000057,63.932376861572266,63.5970344543457,-0.3353424072265625,100.0,0.0,0.0,0.0,7.2,5.0
GGGTTTGGGCGAGGGTTTGGG,GGGTTTGGGCTAGGGTTTGGG,10,G,T,63.8,63.0,-0.7999999999999972,63.932376861572266,63.9147834777832,-0.0175933837890625,100.0,0.0,0.0,0.0,7.2,5.0
GGGTTTGGGCGAGGGTTTGGG,GGGTTTGGGTGAGGGTTTGGG,9,C,T,63.8,64.0,0.20000000000000284,63.932376861572266,63.64770126342773,-0.28467559814453836,100.0,0.0,0.0,0.0,7.2,5.0
GGGTTTGGGCGCGGGTTTGGG,GGGTTTGGGCGTGGGTTTGGG,11,C,T,64.2,65.7,1.5,65.37683868408203,63.5970344543457,-1.7798042297363281,100.0,0.0,0.0,0.0,7.2,5.0
GGGTTTGGGCGCGGGTTTGGG,GGGTTTGGGCTCGGGTTTGGG,10,G,T,64.2,64.5,0.29999999999999716,65.37683868408203,63.73088073730469,-1.6459579467773438,100.0,0.0,0.0,0.0,7.2,5.0
GGGTTTGGGCGCGGGTTTGGG,GGGTTTGGGTGCGGGTTTGGG,9,C,T,64.2,64.0,-0.20000000000000284,65.37683868408203,65.44535064697266,0.068511962890625,100.0,0.0,0.0,0.0,7.2,5.0
GGGTTTGGGCGTGGGTTTGGG,GGGTTTGGGCTTGGGTTTGGG,10,G,T,65.7,63.0,-2.700000000000003,63.5970344543457,63.47468185424805,-0.12235260009765625,100.0,0.0,0.0,0.0,7.2,5.0
GGGTTTGGGCGTGGGTTTGGG,GGGTTTGGGTGTGGGTTTGGG,9,C,T,65.7,66.0,0.29999999999999716,63.5970344543457,70.5,6.902965545654297,100.0,0.0,0.0,0.0,7.2,5.0
GGGTTTGGGCTAGGGTTTGGG,GGGTTTGGGCTCGGGTTTGGG,11,A,C,63.0,64.5,1.5,63.9147834777832,63.73088073730469,-0.18390274047851562,100.0,0.0,0.0,0.0,7.2,5.0
GGGTTTGGGCTAGGGTTTGGG,GGGTTTGGGCTTGGGTTTGGG,11,A,T,63.0,63.0,0.0,63.9147834777832,63.47468185424805,-0.44010162353515625,100.0,0.0,0.0,0.0,7.2,5.0
GGGTTTGGGCTAGGGTTTGGG,GGGTTTGGGTTAGGGTTTGGG,9,C,T,63.0,65.0,2.0,63.9147834777832,65.61300659179688,1.6982231140136719,100.0,0.0,0.0,0.0,7.2,5.0
GGGTTTGGGCTCGGGTTTGGG,GGGTTTGGGCTTGGGTTTGGG,11,C,T,64.5,63.0,-1.5,63.73088073730469,63.47468185424805,-0.2561988830566406,100.0,0.0,0.0,0.0,7.2,5.0
GGGTTTGGGCTCGGGTTTGGG,GGGTTTGGGTTCGGGTTTGGG,9,C,T,64.5,64.0,-0.5,63.73088073730469,64.90994262695312,1.1790618896484375,100.0,0.0,0.0,0.0,7.2,5.0
GGGTTTGGGCTTGGGTTTGGG,GGGTTTGGGTTTGGGTTTGGG,9,C,T,63.0,64.0,1.0,63.47468185424805,62.63865280151367,-0.836029052734375,100.0,0.0,0.0,0.0,7.2,5.0
GGGTTTGGGTAAGGGTTTGGG,GGGTTTGGGTACGGGTTTGGG,11,A,C,65.5,63.0,-2.5,64.1379165649414,64.53023529052734,0.3923187255859375,100.0,0.0,0.0,0.0,7.2,5.0
GGGTTTGGGTAAGGGTTTGGG,GGGTTTGGGTATGGGTTTGGG,11,A,T,65.5,64.2,-1.2999999999999972,64.1379165649414,63.99177551269531,-0.14614105224609375,100.0,0.0,0.0,0.0,7.2,5.0
GGGTTTGGGTAAGGGTTTGGG,GGGTTTGGGTCAGGGTTTGGG,10,A,C,65.5,62.0,-3.5,64.1379165649414,62.03025817871094,-2.1076583862304688,100.0,0.0,0.0,0.0,7.2,5.0
GGGTTTGGGTAAGGGTTTGGG,GGGTTTGGGTGAGGGTTTGGG,10,A,G,65.5,64.0,-1.5,64.1379165649414,63.64770126342773,-0.490215301513679,100.0,0.0,0.0,0.0,7.2,5.0
GGGTTTGGGTAAGGGTTTGGG,GGGTTTGGGTTAGGGTTTGGG,10,A,T,65.5,65.0,-0.5,64.1379165649414,65.61300659179688,1.4750900268554688,100.0,0.0,0.0,0.0,7.2,5.0
GGGTTTGGGTACGGGTTTGGG,GGGTTTGGGTATGGGTTTGGG,11,C,T,63.0,64.2,1.2000000000000028,64.53023529052734,63.99177551269531,-0.5384597778320312,100.0,0.0,0.0,0.0,7.2,5.0
GGGTTTGGGTACGGGTTTGGG,GGGTTTGGGTCCGGGTTTGGG,10,A,C,63.0,62.5,-0.5,64.53023529052734,63.80270385742188,-0.7275314331054616,100.0,0.0,0.0,0.0,7.2,5.0
GGGTTTGGGTACGGGTTTGGG,GGGTTTGGGTGCGGGTTTGGG,10,A,G,63.0,64.0,1.0,64.53023529052734,65.44535064697266,0.9151153564453125,100.0,0.0,0.0,0.0,7.2,5.0
GGGTTTGGGTACGGGTTTGGG,GGGTTTGGGTTCGGGTTTGGG,10,A,T,63.0,64.0,1.0,64.53023529052734,64.90994262695312,0.37970733642578125,100.0,0.0,0.0,0.0,7.2,5.0
GGGTTTGGGTATGGGTTTGGG,GGGTTTGGGTCTGGGTTTGGG,10,A,C,64.2,63.0,-1.2000000000000028,63.99177551269531,63.60964584350586,-0.3821296691894531,100.0,0.0,0.0,0.0,7.2,5.0
GGGTTTGGGTATGGGTTTGGG,GGGTTTGGGTGTGGGTTTGGG,10,A,G,64.2,66.0,1.7999999999999972,63.99177551269531,70.5,6.5082244873046875,100.0,0.0,0.0,0.0,7.2,5.0
GGGTTTGGGTATGGGTTTGGG,GGGTTTGGGTTTGGGTTTGGG,10,A,T,64.2,64.0,-0.20000000000000284,63.99177551269531,62.63865280151367,-1.3531227111816406,100.0,0.0,0.0,0.0,7.2,5.0
GGGTTTGGGTCAGGGTTTGGG,GGGTTTGGGTCCGGGTTTGGG,11,A,C,62.0,62.5,0.5,62.03025817871094,63.80270385742188,1.7724456787109446,100.0,0.0,0.0,0.0,7.2,5.0
GGGTTTGGGTCAGGGTTTGGG,GGGTTTGGGTCTGGGTTTGGG,11,A,T,62.0,63.0,1.0,62.03025817871094,63.60964584350586,1.5793876647949219,100.0,0.0,0.0,0.0,7.2,5.0
GGGTTTGGGTCAGGGTTTGGG,GGGTTTGGGTGAGGGTTTGGG,10,C,G,62.0,64.0,2.0,62.03025817871094,63.64770126342773,1.6174430847167898,100.0,0.0,0.0,0.0,7.2,5.0
GGGTTTGGGTCAGGGTTTGGG,GGGTTTGGGTTAGGGTTTGGG,10,C,T,62.0,65.0,3.0,62.03025817871094,65.61300659179688,3.5827484130859375,100.0,0.0,0.0,0.0,7.2,5.0
GGGTTTGGGTCCGGGTTTGGG,GGGTTTGGGTCTGGGTTTGGG,11,C,T,62.5,63.0,0.5,63.80270385742188,63.60964584350586,-0.19305801391602273,100.0,0.0,0.0,0.0,7.2,5.0
GGGTTTGGGTCCGGGTTTGGG,GGGTTTGGGTGCGGGTTTGGG,10,C,G,62.5,64.0,1.5,63.80270385742188,65.44535064697266,1.6426467895507741,100.0,0.0,0.0,0.0,7.2,5.0
GGGTTTGGGTCCGGGTTTGGG,GGGTTTGGGTTCGGGTTTGGG,10,C,T,62.5,64.0,1.5,63.80270385742188,64.90994262695312,1.107238769531243,100.0,0.0,0.0,0.0,7.2,5.0
GGGTTTGGGTCTGGGTTTGGG,GGGTTTGGGTGTGGGTTTGGG,10,C,G,63.0,66.0,3.0,63.60964584350586,70.5,6.890354156494141,100.0,0.0,0.0,0.0,7.2,5.0
GGGTTTGGGTCTGGGTTTGGG,GGGTTTGGGTTTGGGTTTGGG,10,C,T,63.0,64.0,1.0,63.60964584350586,62.63865280151367,-0.9709930419921875,100.0,0.0,0.0,0.0,7.2,5.0
GGGTTTGGGTGAGGGTTTGGG,GGGTTTGGGTGCGGGTTTGGG,11,A,C,64.0,64.0,0.0,63.64770126342773,65.44535064697266,1.797649383544929,100.0,0.0,0.0,0.0,7.2,5.0
GGGTTTGGGTGAGGGTTTGGG,GGGTTTGGGTGTGGGTTTGGG,11,A,T,64.0,66.0,2.0,63.64770126342773,70.5,6.852298736572273,100.0,0.0,0.0,0.0,7.2,5.0
GGGTTTGGGTGAGGGTTTGGG,GGGTTTGGGTTAGGGTTTGGG,10,G,T,64.0,65.0,1.0,63.64770126342773,65.61300659179688,1.9653053283691477,100.0,0.0,0.0,0.0,7.2,5.0
GGGTTTGGGTGCGGGTTTGGG,GGGTTTGGGTGTGGGTTTGGG,11,C,T,64.0,66.0,2.0,65.44535064697266,70.5,5.054649353027344,100.0,0.0,0.0,0.0,7.2,5.0
GGGTTTGGGTGCGGGTTTGGG,GGGTTTGGGTTCGGGTTTGGG,10,G,T,64.0,64.0,0.0,65.44535064697266,64.90994262695312,-0.5354080200195312,100.0,0.0,0.0,0.0,7.2,5.0
GGGTTTGGGTGTGGGTTTGGG,GGGTTTGGGTTTGGGTTTGGG,10,G,T,66.0,64.0,-2.0,70.5,62.63865280151367,-7.861347198486328,100.0,0.0,0.0,0.0,7.2,5.0
GGGTTTGGGTTAGGGTTTGGG,GGGTTTGGGTTCGGGTTTGGG,11,A,C,65.0,64.0,-1.0,65.61300659179688,64.90994262695312,-0.70306396484375,100.0,0.0,0.0,0.0,7.2,5.0
GGGTTTGGGTTAGGGTTTGGG,GGGTTTGGGTTTGGGTTTGGG,11,A,T,65.0,64.0,-1.0,65.61300659179688,62.63865280151367,-2.974353790283203,100.0,0.0,0.0,0.0,7.2,5.0
GGGTTTGGGTTCGGGTTTGGG,GGGTTTGGGTTTGGGTTTGGG,11,C,T,64.0,64.0,0.0,64.90994262695312,62.63865280151367,-2.271289825439453,100.0,0.0,0.0,0.0,7.2,5.0
TGAGTTTGGGTTTGGGTTTGGGTGGGTTTGGGTTTGGGTTTGAGT,TGGGTTTGGGTTTGGGTTTGGGTGGGTTTGGGTTTGGGTTTGAGT,2,A,G,64.4,65.5,1.0999999999999943,60.57815933227539,58.01614761352539,-2.56201171875,100.0,0.0,0.0,0.0,7.4,5.0
TGGGTTTGGGTTTGGGTTTGGGTGGGTTTGGGTTTGGGTTTGAGT,TGGGTTTGGGTTTGGGTTTGGGTGGGTTTGGGTTTGGGTTTGGGT,42,A,G,65.5,64.0,-1.5,58.01614761352539,62.22217178344727,4.206024169921882,100.0,0.0,0.0,0.0,7.4,5.0
GGGTTTGGGTATGGGTTTGGG,GGGTTTGGGTCTGGGTTTGGG,10,A,C,45.5,43.3,-2.200000000000003,64.92568969726562,65.0001449584961,0.07445526123046875,100.0,0.0,0.0,0.0,7.5,5.0
GGGTTTGGGTATGGGTTTGGG,GGGTTTGGGTGTGGGTTTGGG,10,A,G,45.5,52.4,6.899999999999999,64.92568969726562,71.95333099365234,7.027641296386719,100.0,0.0,0.0,0.0,7.5,5.0
GGGTTTGGGTATGGGTTTGGG,GGGTTTGGGTTTGGGTTTGGG,10,A,T,45.5,47.0,1.5,64.92568969726562,63.50300979614258,-1.4226799011230469,100.0,0.0,0.0,0.0,7.5,5.0
GGGTTTGGGTCTGGGTTTGGG,GGGTTTGGGTGTGGGTTTGGG,10,C,G,43.3,52.4,9.100000000000001,65.0001449584961,71.95333099365234,6.95318603515625,100.0,0.0,0.0,0.0,7.5,5.0
GGGTTTGGGTCTGGGTTTGGG,GGGTTTGGGTTTGGGTTTGGG,10,C,T,43.3,47.0,3.700000000000003,65.0001449584961,63.50300979614258,-1.4971351623535156,100.0,0.0,0.0,0.0,7.5,5.0
GGGTTTGGGTGTGGGTTTGGG,GGGTTTGGGTTTGGGTTTGGG,10,G,T,52.4,47.0,-5.399999999999999,71.95333099365234,63.50300979614258,-8.450321197509766,100.0,0.0,0.0,0.0,7.5,5.0
TTAGGGTTAGAGTTAGGGTTAGGG,TTAGGGTTAGGGTTAGGGTTAGGG,10,A,G,49.0,60.0,11.0,47.62968444824219,63.27999496459961,15.650310516357422,100.0,0.0,0.0,0.0,7.5,5.0
AGGGAAAGGGTTAGGGTTAGGG,AGGGAATGGGTTAGGGTTAGGG,6,A,T,59.4,61.7,2.3000000000000043,62.91157150268555,63.2167854309082,0.30521392822265625,100.0,0.0,0.0,0.0,7.5,20.0
AGGGTTAGGGAAAGGGTTAGGG,AGGGTTAGGGAATGGGTTAGGG,12,A,T,60.0,62.8,2.799999999999997,62.91157150268555,63.2167854309082,0.30521392822265625,100.0,0.0,0.0,0.0,7.5,20.0
AGGGTTAGGGTTAGGGAAAGGG,AGGGTTAGGGTTAGGGAATGGG,18,A,T,56.1,61.9,5.799999999999997,62.91157150268555,63.2167854309082,0.30521392822265625,100.0,0.0,0.0,0.0,7.5,20.0
AGGGTTAGGGTTAGGGTTAGGG,AGGGTTAGGGTTAGGGTTTGGG,18,A,T,63.4,68.5,5.100000000000001,63.44785690307617,63.57490921020508,0.12705230712890625,100.0,0.0,0.0,0.0,7.5,20.0
AGGGTTAGGGTTAGGGTTAGGG,AGGGTTAGGGTTTGGGTTAGGG,12,A,T,63.4,70.6,7.199999999999996,63.44785690307617,63.57490921020508,0.12705230712890625,100.0,0.0,0.0,0.0,7.5,20.0
AGGGTTAGGGTTAGGGTTAGGG,AGGGTTTGGGTTAGGGTTAGGG,6,A,T,63.4,67.4,4.000000000000007,63.44785690307617,63.57490921020508,0.12705230712890625,100.0,0.0,0.0,0.0,7.5,20.0
TTAGGGTTAGAGTTAGGGTTAGGG,TTAGGGTTAGGGTTAGGGTTAGGG,10,A,G,38.0,54.0,16.0,48.26890182495117,63.39460754394531,15.12570571899414,100.0,0.0,0.0,0.0,7.5,25.0
GGGAGGGTGTAAGTGTGGGAGGG,GGGAGGGTGTAAGTGTGGGCGGG,19,A,C,55.6,60.8,5.199999999999996,62.16695785522461,63.19802474975586,1.03106689453125,100.0,0.0,10.0,0.0,7.2,4.0
GGGAGGGTGTAAGTGTGGGAGGG,GGGAGGGTGTAAGTGTGGGTGGG,19,A,T,55.6,62.2,6.600000000000001,62.16695785522461,67.078369140625,4.911411285400391,100.0,0.0,10.0,0.0,7.2,4.0
GGGAGGGTGTAAGTGTGGGAGGG,GGGCGGGTGTAAGTGTGGGAGGG,3,A,C,55.6,61.5,5.899999999999999,62.16695785522461,63.19802474975586,1.03106689453125,100.0,0.0,10.0,0.0,7.2,4.0
GGGAGGGTGTAAGTGTGGGAGGG,GGGTGGGTGTAAGTGTGGGAGGG,3,A,T,55.6,65.2,9.600000000000001,62.16695785522461,67.078369140625,4.911411285400391,100.0,0.0,10.0,0.0,7.2,4.0
GGGAGGGTGTAAGTGTGGGCGGG,GGGAGGGTGTAAGTGTGGGTGGG,19,C,T,60.8,62.2,1.4000000000000057,63.19802474975586,67.078369140625,3.8803443908691406,100.0,0.0,10.0,0.0,7.2,4.0
GGGAGGGTGTAAGTGTGGGCGGG,GGGCGGGTGTAAGTGTGGGCGGG,3,A,C,60.8,67.0,6.200000000000003,63.19802474975586,67.7428970336914,4.544872283935547,100.0,0.0,10.0,0.0,7.2,4.0
GGGAGGGTGTAAGTGTGGGCGGG,GGGTGGGTGTAAGTGTGGGCGGG,3,A,T,60.8,69.2,8.400000000000006,63.19802474975586,69.89157104492188,6.693546295166016,100.0,0.0,10.0,0.0,7.2,4.0
GGGAGGGTGTAAGTGTGGGTGGG,GGGCGGGTGTAAGTGTGGGTGGG,3,A,C,62.2,67.8,5.599999999999994,67.078369140625,69.89157104492188,2.813201904296875,100.0,0.0,10.0,0.0,7.2,4.0
GGGAGGGTGTAAGTGTGGGTGGG,GGGTGGGTGTAAGTGTGGGTGGG,3,A,T,62.2,70.9,8.700000000000003,67.078369140625,69.97672271728516,2.8983535766601562,100.0,0.0,10.0,0.0,7.2,4.0
GGGCGGGTGTAAGTGTGGGAGGG,GGGCGGGTGTAAGTGTGGGCGGG,19,A,C,61.5,67.0,5.5,63.19802474975586,67.7428970336914,4.544872283935547,100.0,0.0,10.0,0.0,7.2,4.0
GGGCGGGTGTAAGTGTGGGAGGG,GGGCGGGTGTAAGTGTGGGTGGG,19,A,T,61.5,67.8,6.299999999999997,63.19802474975586,69.89157104492188,6.693546295166016,100.0,0.0,10.0,0.0,7.2,4.0
GGGCGGGTGTAAGTGTGGGAGGG,GGGTGGGTGTAAGTGTGGGAGGG,3,C,T,61.5,65.2,3.700000000000003,63.19802474975586,67.078369140625,3.8803443908691406,100.0,0.0,10.0,0.0,7.2,4.0
GGGCGGGTGTAAGTGTGGGCGGG,GGGCGGGTGTAAGTGTGGGTGGG,19,C,T,67.0,67.8,0.7999999999999972,67.7428970336914,69.89157104492188,2.1486740112304688,100.0,0.0,10.0,0.0,7.2,4.0
GGGCGGGTGTAAGTGTGGGCGGG,GGGTGGGTGTAAGTGTGGGCGGG,3,C,T,67.0,69.2,2.200000000000003,67.7428970336914,69.89157104492188,2.1486740112304688,100.0,0.0,10.0,0.0,7.2,4.0
GGGCGGGTGTAAGTGTGGGTGGG,GGGTGGGTGTAAGTGTGGGTGGG,3,C,T,67.8,70.9,3.1000000000000085,69.89157104492188,69.97672271728516,0.08515167236328125,100.0,0.0,10.0,0.0,7.2,4.0
GGGTGGGTGTAAGTGTGGGAGGG,GGGTGGGTGTAAGTGTGGGCGGG,19,A,C,65.2,69.2,4.0,67.078369140625,69.89157104492188,2.813201904296875,100.0,0.0,10.0,0.0,7.2,4.0
GGGTGGGTGTAAGTGTGGGAGGG,GGGTGGGTGTAAGTGTGGGTGGG,19,A,T,65.2,70.9,5.700000000000003,67.078369140625,69.97672271728516,2.8983535766601562,100.0,0.0,10.0,0.0,7.2,4.0
GGGTGGGTGTAAGTGTGGGCGGG,GGGTGGGTGTAAGTGTGGGTGGG,19,C,T,69.2,70.9,1.7000000000000028,69.89157104492188,69.97672271728516,0.08515167236328125,100.0,0.0,10.0,0.0,7.2,4.0
GGGAGGGTTTGGGAGGG,GGGAGGGTTTGGGCGGG,13,A,C,70.2,74.5,4.299999999999997,69.0858383178711,72.79024505615234,3.70440673828125,100.0,0.0,10.0,0.0,7.2,4.0
GGGAGGGTTTGGGAGGG,GGGAGGGTTTGGGTGGG,13,A,T,70.2,75.9,5.700000000000003,69.0858383178711,77.39237213134766,8.306533813476562,100.0,0.0,10.0,0.0,7.2,4.0
GGGAGGGTTTGGGAGGG,GGGCGGGTTTGGGAGGG,3,A,C,70.2,75.2,5.0,69.0858383178711,72.79024505615234,3.70440673828125,100.0,0.0,10.0,0.0,7.2,4.0
GGGAGGGTTTGGGAGGG,GGGTGGGTTTGGGAGGG,3,A,T,70.2,73.8,3.5999999999999943,69.0858383178711,77.39237213134766,8.306533813476562,100.0,0.0,10.0,0.0,7.2,4.0
GGGAGGGTTTGGGCGGG,GGGAGGGTTTGGGTGGG,13,C,T,74.5,75.9,1.4000000000000057,72.79024505615234,77.39237213134766,4.6021270751953125,100.0,0.0,10.0,0.0,7.2,4.0
GGGAGGGTTTGGGCGGG,GGGCGGGTTTGGGCGGG,3,A,C,74.5,79.2,4.700000000000003,72.79024505615234,78.10393524169922,5.313690185546875,100.0,0.0,10.0,0.0,7.2,4.0
GGGAGGGTTTGGGCGGG,GGGTGGGTTTGGGCGGG,3,A,T,74.5,78.2,3.700000000000003,72.79024505615234,77.34103393554688,4.550788879394531,100.0,0.0,10.0,0.0,7.2,4.0
GGGAGGGTTTGGGTGGG,GGGCGGGTTTGGGTGGG,3,A,C,75.9,79.4,3.5,77.39237213134766,77.34103393554688,-0.05133819580078125,100.0,0.0,10.0,0.0,7.2,4.0
GGGAGGGTTTGGGTGGG,GGGTGGGTTTGGGTGGG,3,A,T,75.9,82.13333333333333,6.23333333333332,77.39237213134766,79.97947692871094,2.5871047973632812,100.0,0.0,10.0,0.0,7.2,4.0
GGGCGGGTTTGGGAGGG,GGGCGGGTTTGGGCGGG,13,A,C,75.2,79.2,4.0,72.79024505615234,78.10393524169922,5.313690185546875,100.0,0.0,10.0,0.0,7.2,4.0
GGGCGGGTTTGGGAGGG,GGGCGGGTTTGGGTGGG,13,A,T,75.2,79.4,4.200000000000003,72.79024505615234,77.34103393554688,4.550788879394531,100.0,0.0,10.0,0.0,7.2,4.0
GGGCGGGTTTGGGAGGG,GGGTGGGTTTGGGAGGG,3,C,T,75.2,73.8,-1.4000000000000057,72.79024505615234,77.39237213134766,4.6021270751953125,100.0,0.0,10.0,0.0,7.2,4.0
GGGCGGGTTTGGGCGGG,GGGCGGGTTTGGGTGGG,13,C,T,79.2,79.4,0.20000000000000284,78.10393524169922,77.34103393554688,-0.7629013061523438,100.0,0.0,10.0,0.0,7.2,4.0
GGGCGGGTTTGGGCGGG,GGGTGGGTTTGGGCGGG,3,C,T,79.2,78.2,-1.0,78.10393524169922,77.34103393554688,-0.7629013061523438,100.0,0.0,10.0,0.0,7.2,4.0
GGGCGGGTTTGGGTGGG,GGGTGGGTTTGGGTGGG,3,C,T,79.4,82.13333333333333,2.73333333333332,77.34103393554688,79.97947692871094,2.6384429931640625,100.0,0.0,10.0,0.0,7.2,4.0
GGGTGGGTTTGGGAGGG,GGGTGGGTTTGGGCGGG,13,A,C,73.8,78.2,4.400000000000006,77.39237213134766,77.34103393554688,-0.05133819580078125,100.0,0.0,10.0,0.0,7.2,4.0
GGGTGGGTTTGGGAGGG,GGGTGGGTTTGGGTGGG,13,A,T,73.8,82.13333333333333,8.333333333333329,77.39237213134766,79.97947692871094,2.5871047973632812,100.0,0.0,10.0,0.0,7.2,4.0
GGGTGGGTTTGGGCGGG,GGGTGGGTTTGGGTGGG,13,C,T,78.2,82.13333333333333,3.933333333333323,77.34103393554688,79.97947692871094,2.6384429931640625,100.0,0.0,10.0,0.0,7.2,4.0
GGGAGGGTTTTTTGGGAGGG,GGGAGGGTTTTTTGGGCGGG,16,A,C,61.0,66.1,5.099999999999994,62.05776596069336,64.36238861083984,2.3046226501464844,100.0,0.0,10.0,0.0,7.2,4.0
GGGAGGGTTTTTTGGGAGGG,GGGAGGGTTTTTTGGGTGGG,16,A,T,61.0,67.0,6.0,62.05776596069336,66.44715118408203,4.389385223388672,100.0,0.0,10.0,0.0,7.2,4.0
GGGAGGGTTTTTTGGGAGGG,GGGCGGGTTTTTTGGGAGGG,3,A,C,61.0,65.1,4.099999999999994,62.05776596069336,64.36238861083984,2.3046226501464844,100.0,0.0,10.0,0.0,7.2,4.0
GGGAGGGTTTTTTGGGAGGG,GGGTGGGTTTTTTGGGAGGG,3,A,T,61.0,64.0,3.0,62.05776596069336,66.44715118408203,4.389385223388672,100.0,0.0,10.0,0.0,7.2,4.0
GGGAGGGTTTTTTGGGCGGG,GGGAGGGTTTTTTGGGTGGG,16,C,T,66.1,67.0,0.9000000000000057,64.36238861083984,66.44715118408203,2.0847625732421875,100.0,0.0,10.0,0.0,7.2,4.0
GGGAGGGTTTTTTGGGCGGG,GGGCGGGTTTTTTGGGCGGG,3,A,C,66.1,71.5,5.400000000000006,64.36238861083984,66.9629898071289,2.6006011962890625,100.0,0.0,10.0,0.0,7.2,4.0
GGGAGGGTTTTTTGGGCGGG,GGGTGGGTTTTTTGGGCGGG,3,A,T,66.1,69.0,2.9000000000000057,64.36238861083984,67.39855194091797,3.036163330078125,100.0,0.0,10.0,0.0,7.2,4.0
GGGAGGGTTTTTTGGGTGGG,GGGCGGGTTTTTTGGGTGGG,3,A,C,67.0,71.8,4.799999999999997,66.44715118408203,67.39855194091797,0.9514007568359375,100.0,0.0,10.0,0.0,7.2,4.0
GGGAGGGTTTTTTGGGTGGG,GGGTGGGTTTTTTGGGTGGG,3,A,T,67.0,71.75,4.75,66.44715118408203,71.27405548095703,4.826904296875,100.0,0.0,10.0,0.0,7.2,4.0
GGGCGGGTTTTTTGGGAGGG,GGGCGGGTTTTTTGGGCGGG,16,A,C,65.1,71.5,6.400000000000006,64.36238861083984,66.9629898071289,2.6006011962890625,100.0,0.0,10.0,0.0,7.2,4.0
GGGCGGGTTTTTTGGGAGGG,GGGCGGGTTTTTTGGGTGGG,16,A,T,65.1,71.8,6.700000000000003,64.36238861083984,67.39855194091797,3.036163330078125,100.0,0.0,10.0,0.0,7.2,4.0
GGGCGGGTTTTTTGGGAGGG,GGGTGGGTTTTTTGGGAGGG,3,C,T,65.1,64.0,-1.0999999999999943,64.36238861083984,66.44715118408203,2.0847625732421875,100.0,0.0,10.0,0.0,7.2,4.0
GGGCGGGTTTTTTGGGCGGG,GGGCGGGTTTTTTGGGTGGG,16,C,T,71.5,71.8,0.29999999999999716,66.9629898071289,67.39855194091797,0.4355621337890625,100.0,0.0,10.0,0.0,7.2,4.0
GGGCGGGTTTTTTGGGCGGG,GGGTGGGTTTTTTGGGCGGG,3,C,T,71.5,69.0,-2.5,66.9629898071289,67.39855194091797,0.4355621337890625,100.0,0.0,10.0,0.0,7.2,4.0
GGGCGGGTTTTTTGGGTGGG,GGGTGGGTTTTTTGGGTGGG,3,C,T,71.8,71.75,-0.04999999999999716,67.39855194091797,71.27405548095703,3.8755035400390625,100.0,0.0,10.0,0.0,7.2,4.0
GGGTGGGTTTTTTGGGAGGG,GGGTGGGTTTTTTGGGCGGG,16,A,C,64.0,69.0,5.0,66.44715118408203,67.39855194091797,0.9514007568359375,100.0,0.0,10.0,0.0,7.2,4.0
GGGTGGGTTTTTTGGGAGGG,GGGTGGGTTTTTTGGGTGGG,16,A,T,64.0,71.75,7.75,66.44715118408203,71.27405548095703,4.826904296875,100.0,0.0,10.0,0.0,7.2,4.0
GGGTGGGTTTTTTGGGCGGG,GGGTGGGTTTTTTGGGTGGG,16,C,T,69.0,71.75,2.75,67.39855194091797,71.27405548095703,3.8755035400390625,100.0,0.0,10.0,0.0,7.2,4.0
GGGACTGGGTTTGGGTTTGGG,GGGATTGGGTTTGGGTTTGGG,4,C,T,61.9,62.4,0.5,59.32867813110352,61.732696533203125,2.4040184020996023,100.0,0.0,10.0,0.0,7.2,5.0
GGGATTGGGTTTGGGTTTGGG,GGGTTTGGGTTTGGGTTTGGG,3,A,T,62.4,64.05,1.6499999999999986,61.732696533203125,62.714603424072266,0.9819068908691406,100.0,0.0,10.0,0.0,7.2,5.0
GGGTTAGGGTCAGGGTTAGGG,GGGTTAGGGTTAGGGTTAGGG,10,C,T,66.1,66.5,0.4000000000000057,63.58183670043945,64.57659912109375,0.9947624206542969,100.0,0.0,10.0,0.0,7.2,5.0
GGGTTTGGGAAAGGGTTTGGG,GGGTTTGGGAACGGGTTTGGG,11,A,C,60.1,60.5,0.3999999999999986,61.68784713745117,61.382110595703125,-0.3057365417480469,100.0,0.0,10.0,0.0,7.2,5.0
GGGTTTGGGAAAGGGTTTGGG,GGGTTTGGGAATGGGTTTGGG,11,A,T,60.1,61.0,0.8999999999999986,61.68784713745117,60.55540466308594,-1.1324424743652344,100.0,0.0,10.0,0.0,7.2,5.0
GGGTTTGGGAAAGGGTTTGGG,GGGTTTGGGACAGGGTTTGGG,10,A,C,60.1,60.3,0.19999999999999574,61.68784713745117,60.92860794067383,-0.7592391967773438,100.0,0.0,10.0,0.0,7.2,5.0
GGGTTTGGGAAAGGGTTTGGG,GGGTTTGGGAGAGGGTTTGGG,10,A,G,60.1,60.2,0.10000000000000142,61.68784713745117,61.40501403808594,-0.2828330993652344,100.0,0.0,10.0,0.0,7.2,5.0
GGGTTTGGGAAAGGGTTTGGG,GGGTTTGGGATAGGGTTTGGG,10,A,T,60.1,62.0,1.8999999999999986,61.68784713745117,61.9730110168457,0.28516387939453125,100.0,0.0,10.0,0.0,7.2,5.0
GGGTTTGGGAAAGGGTTTGGG,GGGTTTGGGCAAGGGTTTGGG,9,A,C,60.1,63.0,2.8999999999999986,61.68784713745117,63.298583984375,1.6107368469238281,100.0,0.0,10.0,0.0,7.2,5.0
GGGTTTGGGAAAGGGTTTGGG,GGGTTTGGGTAAGGGTTTGGG,9,A,T,60.1,65.2,5.100000000000001,61.68784713745117,64.30733489990234,2.619487762451172,100.0,0.0,10.0,0.0,7.2,5.0
GGGTTTGGGAACGGGTTTGGG,GGGTTTGGGAATGGGTTTGGG,11,C,T,60.5,61.0,0.5,61.382110595703125,60.55540466308594,-0.8267059326171875,100.0,0.0,10.0,0.0,7.2,5.0
GGGTTTGGGAACGGGTTTGGG,GGGTTTGGGACCGGGTTTGGG,10,A,C,60.5,58.1,-2.3999999999999986,61.382110595703125,60.75685501098633,-0.6252555847167969,100.0,0.0,10.0,0.0,7.2,5.0
GGGTTTGGGAACGGGTTTGGG,GGGTTTGGGAGCGGGTTTGGG,10,A,G,60.5,60.5,0.0,61.382110595703125,62.189697265625,0.807586669921875,100.0,0.0,10.0,0.0,7.2,5.0
GGGTTTGGGAACGGGTTTGGG,GGGTTTGGGATCGGGTTTGGG,10,A,T,60.5,60.0,-0.5,61.382110595703125,61.63307571411133,0.2509651184082031,100.0,0.0,10.0,0.0,7.2,5.0
GGGTTTGGGAACGGGTTTGGG,GGGTTTGGGCACGGGTTTGGG,9,A,C,60.5,65.0,4.5,61.382110595703125,63.30515670776367,1.9230461120605469,100.0,0.0,10.0,0.0,7.2,5.0
GGGTTTGGGAACGGGTTTGGG,GGGTTTGGGTACGGGTTTGGG,9,A,T,60.5,63.7,3.200000000000003,61.382110595703125,64.7505874633789,3.3684768676757812,100.0,0.0,10.0,0.0,7.2,5.0
GGGTTTGGGAATGGGTTTGGG,GGGTTTGGGACTGGGTTTGGG,10,A,C,61.0,59.2,-1.7999999999999972,60.55540466308594,59.32867813110352,-1.2267265319824148,100.0,0.0,10.0,0.0,7.2,5.0
GGGTTTGGGAATGGGTTTGGG,GGGTTTGGGAGTGGGTTTGGG,10,A,G,61.0,61.2,0.20000000000000284,60.55540466308594,61.67335891723633,1.1179542541503906,100.0,0.0,10.0,0.0,7.2,5.0
GGGTTTGGGAATGGGTTTGGG,GGGTTTGGGATTGGGTTTGGG,10,A,T,61.0,61.2,0.20000000000000284,60.55540466308594,61.732696533203125,1.1772918701171875,100.0,0.0,10.0,0.0,7.2,5.0
GGGTTTGGGAATGGGTTTGGG,GGGTTTGGGCATGGGTTTGGG,9,A,C,61.0,63.5,2.5,60.55540466308594,63.37086486816406,2.815460205078125,100.0,0.0,10.0,0.0,7.2,5.0
GGGTTTGGGAATGGGTTTGGG,GGGTTTGGGTATGGGTTTGGG,9,A,T,61.0,64.2,3.200000000000003,60.55540466308594,64.00679779052734,3.4513931274414062,100.0,0.0,10.0,0.0,7.2,5.0
GGGTTTGGGACAGGGTTTGGG,GGGTTTGGGACCGGGTTTGGG,11,A,C,60.3,58.1,-2.1999999999999957,60.92860794067383,60.75685501098633,-0.1717529296875,100.0,0.0,10.0,0.0,7.2,5.0
GGGTTTGGGACAGGGTTTGGG,GGGTTTGGGACTGGGTTTGGG,11,A,T,60.3,59.2,-1.0999999999999943,60.92860794067383,59.32867813110352,-1.5999298095703054,100.0,0.0,10.0,0.0,7.2,5.0
GGGTTTGGGACAGGGTTTGGG,GGGTTTGGGAGAGGGTTTGGG,10,C,G,60.3,60.2,-0.09999999999999432,60.92860794067383,61.40501403808594,0.4764060974121094,100.0,0.0,10.0,0.0,7.2,5.0
GGGTTTGGGACAGGGTTTGGG,GGGTTTGGGATAGGGTTTGGG,10,C,T,60.3,62.0,1.7000000000000028,60.92860794067383,61.9730110168457,1.044403076171875,100.0,0.0,10.0,0.0,7.2,5.0
GGGTTTGGGACAGGGTTTGGG,GGGTTTGGGCCAGGGTTTGGG,9,A,C,60.3,63.0,2.700000000000003,60.92860794067383,63.349308013916016,2.4207000732421875,100.0,0.0,10.0,0.0,7.2,5.0
GGGTTTGGGACAGGGTTTGGG,GGGTTTGGGTCAGGGTTTGGG,9,A,T,60.3,63.3,3.0,60.92860794067383,62.38850784301758,1.45989990234375,100.0,0.0,10.0,0.0,7.2,5.0
GGGTTTGGGACCGGGTTTGGG,GGGTTTGGGACTGGGTTTGGG,11,C,T,58.1,59.2,1.1000000000000014,60.75685501098633,59.32867813110352,-1.4281768798828054,100.0,0.0,10.0,0.0,7.2,5.0
GGGTTTGGGACCGGGTTTGGG,GGGTTTGGGAGCGGGTTTGGG,10,C,G,58.1,60.5,2.3999999999999986,60.75685501098633,62.189697265625,1.4328422546386719,100.0,0.0,10.0,0.0,7.2,5.0
GGGTTTGGGACCGGGTTTGGG,GGGTTTGGGATCGGGTTTGGG,10,C,T,58.1,60.0,1.8999999999999986,60.75685501098633,61.63307571411133,0.876220703125,100.0,0.0,10.0,0.0,7.2,5.0
GGGTTTGGGACCGGGTTTGGG,GGGTTTGGGCCCGGGTTTGGG,9,A,C,58.1,61.8,3.6999999999999957,60.75685501098633,61.21348190307617,0.45662689208984375,100.0,0.0,10.0,0.0,7.2,5.0
GGGTTTGGGACCGGGTTTGGG,GGGTTTGGGTCCGGGTTTGGG,9,A,T,58.1,62.2,4.100000000000001,60.75685501098633,63.892822265625,3.135967254638672,100.0,0.0,10.0,0.0,7.2,5.0
GGGTTTGGGACTGGGTTTGGG,GGGTTTGGGAGTGGGTTTGGG,10,C,G,59.2,61.2,2.0,59.32867813110352,61.67335891723633,2.3446807861328054,100.0,0.0,10.0,0.0,7.2,5.0
GGGTTTGGGACTGGGTTTGGG,GGGTTTGGGATTGGGTTTGGG,10,C,T,59.2,61.2,2.0,59.32867813110352,61.732696533203125,2.4040184020996023,100.0,0.0,10.0,0.0,7.2,5.0
GGGTTTGGGACTGGGTTTGGG,GGGTTTGGGCCTGGGTTTGGG,9,A,C,59.2,61.6,2.3999999999999986,59.32867813110352,62.00618362426758,2.6775054931640554,100.0,0.0,10.0,0.0,7.2,5.0
GGGTTTGGGACTGGGTTTGGG,GGGTTTGGGTCTGGGTTTGGG,9,A,T,59.2,63.2,4.0,59.32867813110352,63.73219299316406,4.40351486206054,100.0,0.0,10.0,0.0,7.2,5.0
GGGTTTGGGAGAGGGTTTGGG,GGGTTTGGGAGCGGGTTTGGG,11,A,C,60.2,60.5,0.29999999999999716,61.40501403808594,62.189697265625,0.7846832275390625,100.0,0.0,10.0,0.0,7.2,5.0
GGGTTTGGGAGAGGGTTTGGG,GGGTTTGGGAGTGGGTTTGGG,11,A,T,60.2,61.2,1.0,61.40501403808594,61.67335891723633,0.2683448791503906,100.0,0.0,10.0,0.0,7.2,5.0
GGGTTTGGGAGAGGGTTTGGG,GGGTTTGGGATAGGGTTTGGG,10,G,T,60.2,62.0,1.7999999999999972,61.40501403808594,61.9730110168457,0.5679969787597656,100.0,0.0,10.0,0.0,7.2,5.0
GGGTTTGGGAGAGGGTTTGGG,GGGTTTGGGCGAGGGTTTGGG,9,A,C,60.2,64.3,4.099999999999994,61.40501403808594,64.02277374267578,2.6177597045898438,100.0,0.0,10.0,0.0,7.2,5.0
GGGTTTGGGAGAGGGTTTGGG,GGGTTTGGGTGAGGGTTTGGG,9,A,T,60.2,64.4,4.200000000000003,61.40501403808594,63.82950973510742,2.4244956970214844,100.0,0.0,10.0,0.0,7.2,5.0
GGGTTTGGGAGCGGGTTTGGG,GGGTTTGGGAGTGGGTTTGGG,11,C,T,60.5,61.2,0.7000000000000028,62.189697265625,61.67335891723633,-0.5163383483886719,100.0,0.0,10.0,0.0,7.2,5.0
GGGTTTGGGAGCGGGTTTGGG,GGGTTTGGGATCGGGTTTGGG,10,G,T,60.5,60.0,-0.5,62.189697265625,61.63307571411133,-0.5566215515136719,100.0,0.0,10.0,0.0,7.2,5.0
GGGTTTGGGAGCGGGTTTGGG,GGGTTTGGGCGCGGGTTTGGG,9,A,C,60.5,64.5,4.0,62.189697265625,65.4320297241211,3.2423324584960938,100.0,0.0,10.0,0.0,7.2,5.0
GGGTTTGGGAGCGGGTTTGGG,GGGTTTGGGTGCGGGTTTGGG,9,A,T,60.5,63.5,3.0,62.189697265625,65.48060607910156,3.2909088134765625,100.0,0.0,10.0,0.0,7.2,5.0
GGGTTTGGGAGTGGGTTTGGG,GGGTTTGGGATTGGGTTTGGG,10,G,T,61.2,61.2,0.0,61.67335891723633,61.732696533203125,0.059337615966796875,100.0,0.0,10.0,0.0,7.2,5.0
GGGTTTGGGAGTGGGTTTGGG,GGGTTTGGGCGTGGGTTTGGG,9,A,C,61.2,65.9,4.700000000000003,61.67335891723633,63.77423477172852,2.1008758544921946,100.0,0.0,10.0,0.0,7.2,5.0
GGGTTTGGGAGTGGGTTTGGG,GGGTTTGGGTGTGGGTTTGGG,9,A,T,61.2,66.0,4.799999999999997,61.67335891723633,70.55272674560547,8.87936782836914,100.0,0.0,10.0,0.0,7.2,5.0
GGGTTTGGGATAGGGTTTGGG,GGGTTTGGGATCGGGTTTGGG,11,A,C,62.0,60.0,-2.0,61.9730110168457,61.63307571411133,-0.339935302734375,100.0,0.0,10.0,0.0,7.2,5.0
GGGTTTGGGATAGGGTTTGGG,GGGTTTGGGATTGGGTTTGGG,11,A,T,62.0,61.2,-0.7999999999999972,61.9730110168457,61.732696533203125,-0.24031448364257812,100.0,0.0,10.0,0.0,7.2,5.0
GGGTTTGGGATAGGGTTTGGG,GGGTTTGGGCTAGGGTTTGGG,9,A,C,62.0,63.6,1.6000000000000014,61.9730110168457,64.25495147705078,2.281940460205078,100.0,0.0,10.0,0.0,7.2,5.0
GGGTTTGGGATAGGGTTTGGG,GGGTTTGGGTTAGGGTTTGGG,9,A,T,62.0,64.7,2.700000000000003,61.9730110168457,65.44424438476562,3.471233367919922,100.0,0.0,10.0,0.0,7.2,5.0
GGGTTTGGGATCGGGTTTGGG,GGGTTTGGGATTGGGTTTGGG,11,C,T,60.0,61.2,1.2000000000000028,61.63307571411133,61.732696533203125,0.09962081909179688,100.0,0.0,10.0,0.0,7.2,5.0
GGGTTTGGGATCGGGTTTGGG,GGGTTTGGGCTCGGGTTTGGG,9,A,C,60.0,64.0,4.0,61.63307571411133,63.809024810791016,2.1759490966796875,100.0,0.0,10.0,0.0,7.2,5.0
GGGTTTGGGATCGGGTTTGGG,GGGTTTGGGTTCGGGTTTGGG,9,A,T,60.0,64.2,4.200000000000003,61.63307571411133,65.1443862915039,3.511310577392578,100.0,0.0,10.0,0.0,7.2,5.0
GGGTTTGGGATTGGGTTTGGG,GGGTTTGGGCTTGGGTTTGGG,9,A,C,61.2,63.6,2.3999999999999986,61.732696533203125,63.54962158203125,1.816925048828125,100.0,0.0,10.0,0.0,7.2,5.0
GGGTTTGGGATTGGGTTTGGG,GGGTTTGGGTTTGGGTTTGGG,9,A,T,61.2,64.05,2.8499999999999943,61.732696533203125,62.714603424072266,0.9819068908691406,100.0,0.0,10.0,0.0,7.2,5.0
GGGTTTGGGCAAGGGTTTGGG,GGGTTTGGGCACGGGTTTGGG,11,A,C,63.0,65.0,2.0,63.298583984375,63.30515670776367,0.006572723388671875,100.0,0.0,10.0,0.0,7.2,5.0
GGGTTTGGGCAAGGGTTTGGG,GGGTTTGGGCATGGGTTTGGG,11,A,T,63.0,63.5,0.5,63.298583984375,63.37086486816406,0.0722808837890625,100.0,0.0,10.0,0.0,7.2,5.0
GGGTTTGGGCAAGGGTTTGGG,GGGTTTGGGCCAGGGTTTGGG,10,A,C,63.0,63.0,0.0,63.298583984375,63.349308013916016,0.050724029541015625,100.0,0.0,10.0,0.0,7.2,5.0
GGGTTTGGGCAAGGGTTTGGG,GGGTTTGGGCGAGGGTTTGGG,10,A,G,63.0,64.3,1.2999999999999972,63.298583984375,64.02277374267578,0.7241897583007812,100.0,0.0,10.0,0.0,7.2,5.0
GGGTTTGGGCAAGGGTTTGGG,GGGTTTGGGCTAGGGTTTGGG,10,A,T,63.0,63.6,0.6000000000000014,63.298583984375,64.25495147705078,0.9563674926757812,100.0,0.0,10.0,0.0,7.2,5.0
GGGTTTGGGCAAGGGTTTGGG,GGGTTTGGGTAAGGGTTTGGG,9,C,T,63.0,65.2,2.200000000000003,63.298583984375,64.30733489990234,1.0087509155273438,100.0,0.0,10.0,0.0,7.2,5.0
GGGTTTGGGCACGGGTTTGGG,GGGTTTGGGCATGGGTTTGGG,11,C,T,65.0,63.5,-1.5,63.30515670776367,63.37086486816406,0.06570816040039062,100.0,0.0,10.0,0.0,7.2,5.0
GGGTTTGGGCACGGGTTTGGG,GGGTTTGGGCCCGGGTTTGGG,10,A,C,65.0,61.8,-3.200000000000003,63.30515670776367,61.21348190307617,-2.0916748046875,100.0,0.0,10.0,0.0,7.2,5.0
GGGTTTGGGCACGGGTTTGGG,GGGTTTGGGCGCGGGTTTGGG,10,A,G,65.0,64.5,-0.5,63.30515670776367,65.4320297241211,2.126873016357422,100.0,0.0,10.0,0.0,7.2,5.0
GGGTTTGGGCACGGGTTTGGG,GGGTTTGGGCTCGGGTTTGGG,10,A,T,65.0,64.0,-1.0,63.30515670776367,63.809024810791016,0.5038681030273438,100.0,0.0,10.0,0.0,7.2,5.0
GGGTTTGGGCACGGGTTTGGG,GGGTTTGGGTACGGGTTTGGG,9,C,T,65.0,63.7,-1.2999999999999972,63.30515670776367,64.7505874633789,1.4454307556152344,100.0,0.0,10.0,0.0,7.2,5.0
GGGTTTGGGCATGGGTTTGGG,GGGTTTGGGCCTGGGTTTGGG,10,A,C,63.5,61.6,-1.8999999999999986,63.37086486816406,62.00618362426758,-1.3646812438964844,100.0,0.0,10.0,0.0,7.2,5.0
GGGTTTGGGCATGGGTTTGGG,GGGTTTGGGCGTGGGTTTGGG,10,A,G,63.5,65.9,2.4000000000000057,63.37086486816406,63.77423477172852,0.40336990356446023,100.0,0.0,10.0,0.0,7.2,5.0
GGGTTTGGGCATGGGTTTGGG,GGGTTTGGGCTTGGGTTTGGG,10,A,T,63.5,63.6,0.10000000000000142,63.37086486816406,63.54962158203125,0.1787567138671875,100.0,0.0,10.0,0.0,7.2,5.0
GGGTTTGGGCATGGGTTTGGG,GGGTTTGGGTATGGGTTTGGG,9,C,T,63.5,64.2,0.7000000000000028,63.37086486816406,64.00679779052734,0.6359329223632812,100.0,0.0,10.0,0.0,7.2,5.0
GGGTTTGGGCCAGGGTTTGGG,GGGTTTGGGCCCGGGTTTGGG,11,A,C,63.0,61.8,-1.2000000000000028,63.349308013916016,61.21348190307617,-2.1358261108398438,100.0,0.0,10.0,0.0,7.2,5.0
GGGTTTGGGCCAGGGTTTGGG,GGGTTTGGGCCTGGGTTTGGG,11,A,T,63.0,61.6,-1.3999999999999986,63.349308013916016,62.00618362426758,-1.3431243896484375,100.0,0.0,10.0,0.0,7.2,5.0
GGGTTTGGGCCAGGGTTTGGG,GGGTTTGGGCGAGGGTTTGGG,10,C,G,63.0,64.3,1.2999999999999972,63.349308013916016,64.02277374267578,0.6734657287597656,100.0,0.0,10.0,0.0,7.2,5.0
GGGTTTGGGCCAGGGTTTGGG,GGGTTTGGGCTAGGGTTTGGG,10,C,T,63.0,63.6,0.6000000000000014,63.349308013916016,64.25495147705078,0.9056434631347656,100.0,0.0,10.0,0.0,7.2,5.0
GGGTTTGGGCCAGGGTTTGGG,GGGTTTGGGTCAGGGTTTGGG,9,C,T,63.0,63.3,0.29999999999999716,63.349308013916016,62.38850784301758,-0.9608001708984375,100.0,0.0,10.0,0.0,7.2,5.0
GGGTTTGGGCCCGGGTTTGGG,GGGTTTGGGCCTGGGTTTGGG,11,C,T,61.8,61.6,-0.19999999999999574,61.21348190307617,62.00618362426758,0.7927017211914062,100.0,0.0,10.0,0.0,7.2,5.0
GGGTTTGGGCCCGGGTTTGGG,GGGTTTGGGCGCGGGTTTGGG,10,C,G,61.8,64.5,2.700000000000003,61.21348190307617,65.4320297241211,4.218547821044922,100.0,0.0,10.0,0.0,7.2,5.0
GGGTTTGGGCCCGGGTTTGGG,GGGTTTGGGCTCGGGTTTGGG,10,C,T,61.8,64.0,2.200000000000003,61.21348190307617,63.809024810791016,2.5955429077148438,100.0,0.0,10.0,0.0,7.2,5.0
GGGTTTGGGCCCGGGTTTGGG,GGGTTTGGGTCCGGGTTTGGG,9,C,T,61.8,62.2,0.4000000000000057,61.21348190307617,63.892822265625,2.679340362548828,100.0,0.0,10.0,0.0,7.2,5.0
GGGTTTGGGCCTGGGTTTGGG,GGGTTTGGGCGTGGGTTTGGG,10,C,G,61.6,65.9,4.300000000000004,62.00618362426758,63.77423477172852,1.7680511474609446,100.0,0.0,10.0,0.0,7.2,5.0
GGGTTTGGGCCTGGGTTTGGG,GGGTTTGGGCTTGGGTTTGGG,10,C,T,61.6,63.6,2.0,62.00618362426758,63.54962158203125,1.5434379577636719,100.0,0.0,10.0,0.0,7.2,5.0
GGGTTTGGGCCTGGGTTTGGG,GGGTTTGGGTCTGGGTTTGGG,9,C,T,61.6,63.2,1.6000000000000014,62.00618362426758,63.73219299316406,1.7260093688964844,100.0,0.0,10.0,0.0,7.2,5.0
GGGTTTGGGCGAGGGTTTGGG,GGGTTTGGGCGCGGGTTTGGG,11,A,C,64.3,64.5,0.20000000000000284,64.02277374267578,65.4320297241211,1.4092559814453125,100.0,0.0,10.0,0.0,7.2,5.0
GGGTTTGGGCGAGGGTTTGGG,GGGTTTGGGCGTGGGTTTGGG,11,A,T,64.3,65.9,1.6000000000000085,64.02277374267578,63.77423477172852,-0.24853897094725852,100.0,0.0,10.0,0.0,7.2,5.0
GGGTTTGGGCGAGGGTTTGGG,GGGTTTGGGCTAGGGTTTGGG,10,G,T,64.3,63.6,-0.6999999999999957,64.02277374267578,64.25495147705078,0.232177734375,100.0,0.0,10.0,0.0,7.2,5.0
GGGTTTGGGCGAGGGTTTGGG,GGGTTTGGGTGAGGGTTTGGG,9,C,T,64.3,64.4,0.10000000000000853,64.02277374267578,63.82950973510742,-0.19326400756835938,100.0,0.0,10.0,0.0,7.2,5.0
GGGTTTGGGCGCGGGTTTGGG,GGGTTTGGGCGTGGGTTTGGG,11,C,T,64.5,65.9,1.4000000000000057,65.4320297241211,63.77423477172852,-1.657794952392571,100.0,0.0,10.0,0.0,7.2,5.0
GGGTTTGGGCGCGGGTTTGGG,GGGTTTGGGCTCGGGTTTGGG,10,G,T,64.5,64.0,-0.5,65.4320297241211,63.809024810791016,-1.6230049133300781,100.0,0.0,10.0,0.0,7.2,5.0
GGGTTTGGGCGCGGGTTTGGG,GGGTTTGGGTGCGGGTTTGGG,9,C,T,64.5,63.5,-1.0,65.4320297241211,65.48060607910156,0.04857635498046875,100.0,0.0,10.0,0.0,7.2,5.0
GGGTTTGGGCGTGGGTTTGGG,GGGTTTGGGCTTGGGTTTGGG,10,G,T,65.9,63.6,-2.3000000000000043,63.77423477172852,63.54962158203125,-0.22461318969727273,100.0,0.0,10.0,0.0,7.2,5.0
GGGTTTGGGCGTGGGTTTGGG,GGGTTTGGGTGTGGGTTTGGG,9,C,T,65.9,66.0,0.09999999999999432,63.77423477172852,70.55272674560547,6.778491973876946,100.0,0.0,10.0,0.0,7.2,5.0
GGGTTTGGGCTAGGGTTTGGG,GGGTTTGGGCTCGGGTTTGGG,11,A,C,63.6,64.0,0.3999999999999986,64.25495147705078,63.809024810791016,-0.4459266662597656,100.0,0.0,10.0,0.0,7.2,5.0
GGGTTTGGGCTAGGGTTTGGG,GGGTTTGGGCTTGGGTTTGGG,11,A,T,63.6,63.6,0.0,64.25495147705078,63.54962158203125,-0.7053298950195312,100.0,0.0,10.0,0.0,7.2,5.0
GGGTTTGGGCTAGGGTTTGGG,GGGTTTGGGTTAGGGTTTGGG,9,C,T,63.6,64.7,1.1000000000000014,64.25495147705078,65.44424438476562,1.1892929077148438,100.0,0.0,10.0,0.0,7.2,5.0
GGGTTTGGGCTCGGGTTTGGG,GGGTTTGGGCTTGGGTTTGGG,11,C,T,64.0,63.6,-0.3999999999999986,63.809024810791016,63.54962158203125,-0.2594032287597656,100.0,0.0,10.0,0.0,7.2,5.0
GGGTTTGGGCTCGGGTTTGGG,GGGTTTGGGTTCGGGTTTGGG,9,C,T,64.0,64.2,0.20000000000000284,63.809024810791016,65.1443862915039,1.3353614807128906,100.0,0.0,10.0,0.0,7.2,5.0
GGGTTTGGGCTTGGGTTTGGG,GGGTTTGGGTTTGGGTTTGGG,9,C,T,63.6,64.05,0.44999999999999574,63.54962158203125,62.714603424072266,-0.8350181579589844,100.0,0.0,10.0,0.0,7.2,5.0
GGGTTTGGGTAAGGGTTTGGG,GGGTTTGGGTACGGGTTTGGG,11,A,C,65.2,63.7,-1.5,64.30733489990234,64.7505874633789,0.4432525634765625,100.0,0.0,10.0,0.0,7.2,5.0
GGGTTTGGGTAAGGGTTTGGG,GGGTTTGGGTATGGGTTTGGG,11,A,T,65.2,64.2,-1.0,64.30733489990234,64.00679779052734,-0.300537109375,100.0,0.0,10.0,0.0,7.2,5.0
GGGTTTGGGTAAGGGTTTGGG,GGGTTTGGGTCAGGGTTTGGG,10,A,C,65.2,63.3,-1.9000000000000057,64.30733489990234,62.38850784301758,-1.9188270568847656,100.0,0.0,10.0,0.0,7.2,5.0
GGGTTTGGGTAAGGGTTTGGG,GGGTTTGGGTGAGGGTTTGGG,10,A,G,65.2,64.4,-0.7999999999999972,64.30733489990234,63.82950973510742,-0.4778251647949219,100.0,0.0,10.0,0.0,7.2,5.0
GGGTTTGGGTAAGGGTTTGGG,GGGTTTGGGTTAGGGTTTGGG,10,A,T,65.2,64.7,-0.5,64.30733489990234,65.44424438476562,1.1369094848632812,100.0,0.0,10.0,0.0,7.2,5.0
GGGTTTGGGTACGGGTTTGGG,GGGTTTGGGTATGGGTTTGGG,11,C,T,63.7,64.2,0.5,64.7505874633789,64.00679779052734,-0.7437896728515625,100.0,0.0,10.0,0.0,7.2,5.0
GGGTTTGGGTACGGGTTTGGG,GGGTTTGGGTCCGGGTTTGGG,10,A,C,63.7,62.2,-1.5,64.7505874633789,63.892822265625,-0.8577651977539062,100.0,0.0,10.0,0.0,7.2,5.0
GGGTTTGGGTACGGGTTTGGG,GGGTTTGGGTGCGGGTTTGGG,10,A,G,63.7,63.5,-0.20000000000000284,64.7505874633789,65.48060607910156,0.7300186157226562,100.0,0.0,10.0,0.0,7.2,5.0
GGGTTTGGGTACGGGTTTGGG,GGGTTTGGGTTCGGGTTTGGG,10,A,T,63.7,64.2,0.5,64.7505874633789,65.1443862915039,0.393798828125,100.0,0.0,10.0,0.0,7.2,5.0
GGGTTTGGGTATGGGTTTGGG,GGGTTTGGGTCTGGGTTTGGG,10,A,C,64.2,63.2,-1.0,64.00679779052734,63.73219299316406,-0.27460479736328125,100.0,0.0,10.0,0.0,7.2,5.0
GGGTTTGGGTATGGGTTTGGG,GGGTTTGGGTGTGGGTTTGGG,10,A,G,64.2,66.0,1.7999999999999972,64.00679779052734,70.55272674560547,6.545928955078125,100.0,0.0,10.0,0.0,7.2,5.0
GGGTTTGGGTATGGGTTTGGG,GGGTTTGGGTTTGGGTTTGGG,10,A,T,64.2,64.05,-0.15000000000000568,64.00679779052734,62.714603424072266,-1.2921943664550781,100.0,0.0,10.0,0.0,7.2,5.0
GGGTTTGGGTCAGGGTTTGGG,GGGTTTGGGTCCGGGTTTGGG,11,A,C,63.3,62.2,-1.0999999999999943,62.38850784301758,63.892822265625,1.5043144226074219,100.0,0.0,10.0,0.0,7.2,5.0
GGGTTTGGGTCAGGGTTTGGG,GGGTTTGGGTCTGGGTTTGGG,11,A,T,63.3,63.2,-0.09999999999999432,62.38850784301758,63.73219299316406,1.3436851501464844,100.0,0.0,10.0,0.0,7.2,5.0
GGGTTTGGGTCAGGGTTTGGG,GGGTTTGGGTGAGGGTTTGGG,10,C,G,63.3,64.4,1.1000000000000085,62.38850784301758,63.82950973510742,1.4410018920898438,100.0,0.0,10.0,0.0,7.2,5.0
GGGTTTGGGTCAGGGTTTGGG,GGGTTTGGGTTAGGGTTTGGG,10,C,T,63.3,64.7,1.4000000000000057,62.38850784301758,65.44424438476562,3.055736541748047,100.0,0.0,10.0,0.0,7.2,5.0
GGGTTTGGGTCCGGGTTTGGG,GGGTTTGGGTCTGGGTTTGGG,11,C,T,62.2,63.2,1.0,63.892822265625,63.73219299316406,-0.1606292724609375,100.0,0.0,10.0,0.0,7.2,5.0
GGGTTTGGGTCCGGGTTTGGG,GGGTTTGGGTGCGGGTTTGGG,10,C,G,62.2,63.5,1.2999999999999972,63.892822265625,65.48060607910156,1.5877838134765625,100.0,0.0,10.0,0.0,7.2,5.0
GGGTTTGGGTCCGGGTTTGGG,GGGTTTGGGTTCGGGTTTGGG,10,C,T,62.2,64.2,2.0,63.892822265625,65.1443862915039,1.2515640258789062,100.0,0.0,10.0,0.0,7.2,5.0
GGGTTTGGGTCTGGGTTTGGG,GGGTTTGGGTGTGGGTTTGGG,10,C,G,63.2,66.0,2.799999999999997,63.73219299316406,70.55272674560547,6.820533752441406,100.0,0.0,10.0,0.0,7.2,5.0
GGGTTTGGGTCTGGGTTTGGG,GGGTTTGGGTTTGGGTTTGGG,10,C,T,63.2,64.05,0.8499999999999943,63.73219299316406,62.714603424072266,-1.0175895690917969,100.0,0.0,10.0,0.0,7.2,5.0
GGGTTTGGGTGAGGGTTTGGG,GGGTTTGGGTGCGGGTTTGGG,11,A,C,64.4,63.5,-0.9000000000000057,63.82950973510742,65.48060607910156,1.6510963439941406,100.0,0.0,10.0,0.0,7.2,5.0
GGGTTTGGGTGAGGGTTTGGG,GGGTTTGGGTGTGGGTTTGGG,11,A,T,64.4,66.0,1.5999999999999943,63.82950973510742,70.55272674560547,6.723217010498047,100.0,0.0,10.0,0.0,7.2,5.0
GGGTTTGGGTGAGGGTTTGGG,GGGTTTGGGTTAGGGTTTGGG,10,G,T,64.4,64.7,0.29999999999999716,63.82950973510742,65.44424438476562,1.6147346496582031,100.0,0.0,10.0,0.0,7.2,5.0
GGGTTTGGGTGCGGGTTTGGG,GGGTTTGGGTGTGGGTTTGGG,11,C,T,63.5,66.0,2.5,65.48060607910156,70.55272674560547,5.072120666503906,100.0,0.0,10.0,0.0,7.2,5.0
GGGTTTGGGTGCGGGTTTGGG,GGGTTTGGGTTCGGGTTTGGG,10,G,T,63.5,64.2,0.7000000000000028,65.48060607910156,65.1443862915039,-0.33621978759765625,100.0,0.0,10.0,0.0,7.2,5.0
GGGTTTGGGTGTGGGTTTGGG,GGGTTTGGGTTTGGGTTTGGG,10,G,T,66.0,64.05,-1.9500000000000028,70.55272674560547,62.714603424072266,-7.838123321533203,100.0,0.0,10.0,0.0,7.2,5.0
GGGTTTGGGTTAGGGTTTGGG,GGGTTTGGGTTCGGGTTTGGG,11,A,C,64.7,64.2,-0.5,65.44424438476562,65.1443862915039,-0.29985809326171875,100.0,0.0,10.0,0.0,7.2,5.0
GGGTTTGGGTTAGGGTTTGGG,GGGTTTGGGTTTGGGTTTGGG,11,A,T,64.7,64.05,-0.6500000000000057,65.44424438476562,62.714603424072266,-2.7296409606933594,100.0,0.0,10.0,0.0,7.2,5.0
GGGTTTGGGTTCGGGTTTGGG,GGGTTTGGGTTTGGGTTTGGG,11,C,T,64.2,64.05,-0.15000000000000568,65.1443862915039,62.714603424072266,-2.4297828674316406,100.0,0.0,10.0,0.0,7.2,5.0
GGGTTTGGGTTTGGGACTGGG,GGGTTTGGGTTTGGGATTGGG,16,C,T,60.5,61.9,1.3999999999999986,59.32867813110352,61.732696533203125,2.4040184020996023,100.0,0.0,10.0,0.0,7.2,5.0
GGGTTTGGGTTTGGGATTGGG,GGGTTTGGGTTTGGGTTTGGG,15,A,T,61.9,64.05,2.1499999999999986,61.732696533203125,62.714603424072266,0.9819068908691406,100.0,0.0,10.0,0.0,7.2,5.0
GGGGTTCAGGGGTTCAGGGGTTCAGGGG,GGGGTTCAGGGGTTCAGGGGTTTAGGGG,22,C,T,62.0,64.0,2.0,65.59249877929688,64.44026184082031,-1.1522369384765625,100.0,0.0,10.0,0.0,7.2,5.0
GGGGTTCAGGGGTTCAGGGGTTCAGGGG,GGGGTTCAGGGGTTTAGGGGTTCAGGGG,14,C,T,62.0,63.0,1.0,65.59249877929688,64.44026184082031,-1.1522369384765625,100.0,0.0,10.0,0.0,7.2,5.0
GGGGTTCAGGGGTTCAGGGGTTCAGGGG,GGGGTTTAGGGGTTCAGGGGTTCAGGGG,6,C,T,62.0,63.0,1.0,65.59249877929688,64.44026184082031,-1.1522369384765625,100.0,0.0,10.0,0.0,7.2,5.0
GGGGTTCAGGGGTTCAGGGGTTTAGGGG,GGGGTTCAGGGGTTTAGGGGTTTAGGGG,14,C,T,64.0,64.0,0.0,64.44026184082031,71.0230484008789,6.582786560058594,100.0,0.0,10.0,0.0,7.2,5.0
GGGGTTCAGGGGTTCAGGGGTTTAGGGG,GGGGTTTAGGGGTTCAGGGGTTTAGGGG,6,C,T,64.0,64.0,0.0,64.44026184082031,71.0230484008789,6.582786560058594,100.0,0.0,10.0,0.0,7.2,5.0
GGGGTTCAGGGGTTTAGGGGTTCAGGGG,GGGGTTCAGGGGTTTAGGGGTTTAGGGG,22,C,T,63.0,64.0,1.0,64.44026184082031,71.0230484008789,6.582786560058594,100.0,0.0,10.0,0.0,7.2,5.0
GGGGTTCAGGGGTTTAGGGGTTCAGGGG,GGGGTTTAGGGGTTTAGGGGTTCAGGGG,6,C,T,63.0,63.0,0.0,64.44026184082031,71.0230484008789,6.582786560058594,100.0,0.0,10.0,0.0,7.2,5.0
GGGGTTCAGGGGTTTAGGGGTTTAGGGG,GGGGTTTAGGGGTTTAGGGGTTTAGGGG,6,C,T,64.0,65.0,1.0,71.0230484008789,72.32189178466797,1.2988433837890625,100.0,0.0,10.0,0.0,7.2,5.0
GGGGTTTAGGGGTTCAGGGGTTCAGGGG,GGGGTTTAGGGGTTCAGGGGTTTAGGGG,22,C,T,63.0,64.0,1.0,64.44026184082031,71.0230484008789,6.582786560058594,100.0,0.0,10.0,0.0,7.2,5.0
GGGGTTTAGGGGTTCAGGGGTTCAGGGG,GGGGTTTAGGGGTTTAGGGGTTCAGGGG,14,C,T,63.0,63.0,0.0,64.44026184082031,71.0230484008789,6.582786560058594,100.0,0.0,10.0,0.0,7.2,5.0
GGGGTTTAGGGGTTCAGGGGTTTAGGGG,GGGGTTTAGGGGTTTAGGGGTTTAGGGG,14,C,T,64.0,65.0,1.0,71.0230484008789,72.32189178466797,1.2988433837890625,100.0,0.0,10.0,0.0,7.2,5.0
GGGGTTTAGGGGTTTAGGGGTTCAGGGG,GGGGTTTAGGGGTTTAGGGGTTTAGGGG,22,C,T,63.0,65.0,2.0,71.0230484008789,72.32189178466797,1.2988433837890625,100.0,0.0,10.0,0.0,7.2,5.0
GGGTTAGGGATGGGTTAGGG,GGGTTAGGGTTGGGTTAGGG,9,A,T,59.5,63.9,4.399999999999999,63.81704711914063,67.61781311035156,3.8007659912109304,100.0,0.0,10.0,0.0,7.2,5.0
GGGTTAGGGTAGGGTTAGGG,GGGTTAGGGTTGGGTTAGGG,10,A,T,66.2,63.9,-2.3000000000000043,65.54031372070312,67.61781311035156,2.0774993896484375,100.0,0.0,10.0,0.0,7.2,5.0
GGGTTAGGGATTTGGGTTAGGG,GGGTTAGGGTTTTGGGTTAGGG,9,A,T,68.2,68.2,0.0,63.02536010742188,66.18461608886719,3.1592559814453054,100.0,0.0,10.0,0.0,7.2,5.0
GGGTTAGGGTTTAGGGTTAGGG,GGGTTAGGGTTTTGGGTTAGGG,12,A,T,71.5,68.2,-3.299999999999997,65.193603515625,66.18461608886719,0.9910125732421875,100.0,0.0,10.0,0.0,7.2,5.0
GGTGGGTGTGGTTGG,GGTTGGTGTGGTTGG,3,G,T,57.9,50.1,-7.799999999999997,57.7722053527832,44.21235656738281,-13.55984878540039,100.0,10.0,0.0,0.0,7.0,3.0
GGTTGGTGTGGTTGG,GGTTGGTTTGGTTGG,7,G,T,51.25,45.5,-5.75,43.256649017333984,39.898475646972656,-3.358173370361328,100.0,10.0,0.0,0.0,7.2,5.0
GGTTGGTTAGGTTGG,GGTTGGTTTGGTTGG,8,A,T,43.0,45.5,2.5,42.46785354614258,39.898475646972656,-2.569377899169922,100.0,10.0,0.0,0.0,7.2,5.0
GGGTTTTTGGGAGGGTTTTTGGG,GGGTTTTTGGGCGGGTTTTTGGG,11,A,C,47.0,53.9,6.899999999999999,56.00175476074219,55.295406341552734,-0.7063484191894531,100.0,10.0,0.0,0.0,7.4,5.0
GGGTTTTTGGGAGGGTTTTTGGG,GGGTTTTTGGGTGGGTTTTTGGG,11,A,T,47.0,53.6,6.600000000000001,56.00175476074219,53.29795455932617,-2.7038002014160156,100.0,10.0,0.0,0.0,7.4,5.0
GGGTTTTTGGGCGGGTTTTTGGG,GGGTTTTTGGGTGGGTTTTTGGG,11,C,T,53.9,53.6,-0.29999999999999716,55.295406341552734,53.29795455932617,-1.9974517822265625,100.0,10.0,0.0,0.0,7.4,5.0
CAGGGCGGGCCGGGGGCGGGGT,CGGGGCGGGCCGGGGGCGGGGT,1,A,G,84.0,85.5,1.5,78.32453155517578,79.72504425048828,1.4005126953125,107.5,0.0,0.0,0.0,7.0,5.0
CGAGGCGGGCCGGGGGCGGGGT,CGGGGCGGGCCGGGGGCGGGGT,2,A,G,55.0,85.5,30.5,70.86357879638672,79.72504425048828,8.861465454101562,107.5,0.0,0.0,0.0,7.0,5.0
CGGAGCGGGCCGGGGGCGGGGT,CGGGGCGGGCCGGGGGCGGGGT,3,A,G,58.0,85.5,27.5,67.101806640625,79.72504425048828,12.623237609863281,107.5,0.0,0.0,0.0,7.0,5.0
CGGGACGGGCCGGGGGCGGGGT,CGGGGCGGGCCGGGGGCGGGGT,4,A,G,68.0,85.5,17.5,73.73117065429688,79.72504425048828,5.993873596191406,107.5,0.0,0.0,0.0,7.0,5.0
CGGGGCAGGCCGGGGGCGGGGT,CGGGGCGGGCCGGGGGCGGGGT,6,A,G,64.0,85.5,21.5,71.32630920410156,79.72504425048828,8.398735046386719,107.5,0.0,0.0,0.0,7.0,5.0
CGGGGCGAGCCGGGGGCGGGGT,CGGGGCGGGCCGGGGGCGGGGT,7,A,G,63.0,85.5,22.5,69.31910705566406,79.72504425048828,10.405937194824219,107.5,0.0,0.0,0.0,7.0,5.0
CGGGGCGGACCGGGGGCGGGGT,CGGGGCGGGCCGGGGGCGGGGT,8,A,G,67.0,85.5,18.5,68.80655670166016,79.72504425048828,10.918487548828125,107.5,0.0,0.0,0.0,7.0,5.0
CGGGGCGGGCCAGGGGCGGGGT,CGGGGCGGGCCGGGGGCGGGGT,11,A,G,82.5,85.5,3.0,75.1087875366211,79.72504425048828,4.6162567138671875,107.5,0.0,0.0,0.0,7.0,5.0
CGGGGCGGGCCGAGGGCGGGGT,CGGGGCGGGCCGGGGGCGGGGT,12,A,G,80.0,85.5,5.5,75.30523681640625,79.72504425048828,4.419807434082031,107.5,0.0,0.0,0.0,7.0,5.0
CGGGGCGGGCCGGAGGCGGGGT,CGGGGCGGGCCGGGGGCGGGGT,13,A,G,67.0,85.5,18.5,70.13860321044922,79.72504425048828,9.586441040039062,107.5,0.0,0.0,0.0,7.0,5.0
CGGGGCGGGCCGGGAGCGGGGT,CGGGGCGGGCCGGGGGCGGGGT,14,A,G,75.0,85.5,10.5,71.1982192993164,79.72504425048828,8.526824951171875,107.5,0.0,0.0,0.0,7.0,5.0
CGGGGCGGGCCGGGGACGGGGT,CGGGGCGGGCCGGGGGCGGGGT,15,A,G,77.0,85.5,8.5,73.1915054321289,79.72504425048828,6.533538818359375,107.5,0.0,0.0,0.0,7.0,5.0
CGGGGCGGGCCGGGGGCAGGGT,CGGGGCGGGCCGGGGGCGGGGT,17,A,G,74.0,85.5,11.5,74.67620086669922,79.72504425048828,5.0488433837890625,107.5,0.0,0.0,0.0,7.0,5.0
CGGGGCGGGCCGGGGGCGGAGT,CGGGGCGGGCCGGGGGCGGGGT,19,A,G,58.0,85.5,27.5,69.20381927490234,79.72504425048828,10.521224975585938,107.5,0.0,0.0,0.0,7.0,5.0
CGGGGCGGGCCGGGGGCGGGAT,CGGGGCGGGCCGGGGGCGGGGT,20,A,G,80.0,85.5,5.5,76.53446197509766,79.72504425048828,3.190582275390625,107.5,0.0,0.0,0.0,7.0,5.0
AAGGGTGGGTCCCACCCTGGGTGGGT,AAGGGTGGGTCCCACCGTGGGTGGGT,16,C,G,80.8,80.2,-0.5999999999999943,71.05497741699219,71.84842681884766,0.7934494018554688,120.0,20.0,10.0,0.0,7.2,5.0
AAGGGTGGGTCCCACCGTGGGTGGGT,AAGGGTGGGTCCCACTGTGGGTGGGT,15,C,T,80.2,80.5,0.29999999999999716,71.84842681884766,73.2049331665039,1.35650634765625,120.0,20.0,10.0,0.0,7.2,5.0
AAGGGTGGGTCCCACTGTGGGTGGGT,AAGGGTGGGTCCCAGTGTGGGTGGGT,14,C,G,80.5,80.9,0.4000000000000057,73.2049331665039,74.28402709960938,1.0790939331054688,120.0,20.0,10.0,0.0,7.2,5.0
GGATGGTGTGGTTGG,GGTTGGTGTGGTTGG,2,A,T,43.3,51.2,7.900000000000006,46.15537643432617,46.245849609375,0.09047317504882812,140.0,0.0,0.0,0.0,7.5,4.0
GGTAGGTGTGGTTGG,GGTTGGTGTGGTTGG,3,A,T,51.1,51.2,0.10000000000000142,47.29671096801758,46.245849609375,-1.0508613586425781,140.0,0.0,0.0,0.0,7.5,4.0
GGTTGGAGTGGTTGG,GGTTGGTGTGGTTGG,6,A,T,41.9,51.2,9.300000000000004,47.25379943847656,46.245849609375,-1.0079498291015625,140.0,0.0,0.0,0.0,7.5,4.0
GGTTGGTGAGGTTGG,GGTTGGTGTGGTTGG,8,A,T,44.2,51.2,7.0,48.005367279052734,46.245849609375,-1.7595176696777344,140.0,0.0,0.0,0.0,7.5,4.0
GGTTGGTGTGGATGG,GGTTGGTGTGGTTGG,11,A,T,43.5,51.2,7.700000000000003,46.15537643432617,46.245849609375,0.09047317504882812,140.0,0.0,0.0,0.0,7.5,4.0
GGTTGGTGTGGTAGG,GGTTGGTGTGGTTGG,12,A,T,51.1,51.2,0.10000000000000142,47.29671096801758,46.245849609375,-1.0508613586425781,140.0,0.0,0.0,0.0,7.5,4.0
AAGGGTGGGTCCCACCCTGGGTGGGT,AAGGGTGGGTCCCACCGTGGGTGGGT,16,C,G,81.4,80.9,-0.5,71.21979522705078,71.76620483398438,0.5464096069335938,140.0,0.0,10.0,0.0,7.2,5.0
AAGGGTGGGTCCCACCGTGGGTGGGT,AAGGGTGGGTCCCACTGTGGGTGGGT,15,C,T,80.9,81.1,0.19999999999998863,71.76620483398438,74.00072479248047,2.2345199584960938,140.0,0.0,10.0,0.0,7.2,5.0
AAGGGTGGGTCCCACTGTGGGTGGGT,AAGGGTGGGTCCCAGTGTGGGTGGGT,14,C,G,81.1,82.3,1.2000000000000028,74.00072479248047,74.42375183105469,0.42302703857421875,140.0,0.0,10.0,0.0,7.2,5.0
AAGGGCGAGGCAGGACAGGGA,AAGGGCGAGGCAGGATAGGGA,15,C,T,60.0,51.4,-8.600000000000001,54.76557922363281,57.08893966674805,2.3233604431152344,150.0,0.0,0.0,0.0,5.0,5.0
AAGGGCGAGGCAGGACAGGGA,AAGGGCGAGGTAGGACAGGGA,10,C,T,60.0,63.1,3.1000000000000014,54.76557922363281,52.95636367797852,-1.8092155456542898,150.0,0.0,0.0,0.0,5.0,5.0
AAGGGCGAGGCAGGACAGGGA,AAGGGTGAGGCAGGACAGGGA,5,C,T,60.0,53.4,-6.600000000000001,54.76557922363281,59.76993179321289,5.004352569580078,150.0,0.0,0.0,0.0,5.0,5.0
AAGGGCGAGGCAGGACAGGGA,AAGGGCGAGGCAGGATAGGGA,15,C,T,48.8,39.2,-9.599999999999994,42.88938903808594,45.59257888793945,2.7031898498535156,150.0,0.0,0.0,0.0,6.0,5.0
AAGGGCGAGGCAGGACAGGGA,AAGGGCGAGGTAGGACAGGGA,10,C,T,48.8,48.7,-0.09999999999999432,42.88938903808594,39.55604934692383,-3.3333396911621094,150.0,0.0,0.0,0.0,6.0,5.0
AAGGGCGAGGCAGGACAGGGA,AAGGGTGAGGCAGGACAGGGA,5,C,T,48.8,38.2,-10.599999999999994,42.88938903808594,47.264495849609375,4.3751068115234375,150.0,0.0,0.0,0.0,6.0,5.0
GGGCCACCGGGCAGTGGGCGGG,GGGTCACCGGGCAGTGGGCGGG,3,C,T,73.4,68.6,-4.800000000000011,66.10419464111328,71.293212890625,5.189018249511719,150.0,0.0,0.0,0.0,7.4,35.0
AGGTTAGGGTTAGGGTTAGGG,GGGTTAGGGTTAGGGTTAGGG,0,A,G,63.5,75.0,11.5,55.66949462890625,66.10586547851562,10.436370849609375,169.0,0.0,0.0,0.0,7.0,10.0
GAGTTAGGGTTAGGGTTAGGG,GGGTTAGGGTTAGGGTTAGGG,1,A,G,48.5,75.0,26.5,51.7237663269043,66.10586547851562,14.382099151611328,169.0,0.0,0.0,0.0,7.0,10.0
GGATTAGGGTTAGGGTTAGGG,GGGTTAGGGTTAGGGTTAGGG,2,A,G,61.0,75.0,14.0,52.5286979675293,66.10586547851562,13.577167510986328,169.0,0.0,0.0,0.0,7.0,10.0
GGGTTAAGGTTAGGGTTAGGG,GGGTTAGGGTTAGGGTTAGGG,6,A,G,57.0,75.0,18.0,56.45186996459961,66.10586547851562,9.653995513916016,169.0,0.0,0.0,0.0,7.0,10.0
GGGTTAGAGTTAGGGTTAGGG,GGGTTAGGGTTAGGGTTAGGG,7,A,G,47.5,75.0,27.5,51.69674301147461,66.10586547851562,14.409122467041016,169.0,0.0,0.0,0.0,7.0,10.0
GGGTTAGGATTAGGGTTAGGG,GGGTTAGGGTTAGGGTTAGGG,8,A,G,59.5,75.0,15.5,52.5286979675293,66.10586547851562,13.577167510986328,169.0,0.0,0.0,0.0,7.0,10.0
GGGTTAGGGTTAAGGTTAGGG,GGGTTAGGGTTAGGGTTAGGG,12,A,G,65.0,75.0,10.0,56.45186996459961,66.10586547851562,9.653995513916016,169.0,0.0,0.0,0.0,7.0,10.0
GGGTTAGGGTTAGAGTTAGGG,GGGTTAGGGTTAGGGTTAGGG,13,A,G,50.0,75.0,25.0,51.69674301147461,66.10586547851562,14.409122467041016,169.0,0.0,0.0,0.0,7.0,10.0
GGGTTAGGGTTAGGATTAGGG,GGGTTAGGGTTAGGGTTAGGG,14,A,G,54.0,75.0,21.0,52.5286979675293,66.10586547851562,13.577167510986328,169.0,0.0,0.0,0.0,7.0,10.0
GGGTTAGGGTTAGGGTTAAGG,GGGTTAGGGTTAGGGTTAGGG,18,A,G,60.0,75.0,15.0,56.45186996459961,66.10586547851562,9.653995513916016,169.0,0.0,0.0,0.0,7.0,10.0
GGGTTAGGGTTAGGGTTAGAG,GGGTTAGGGTTAGGGTTAGGG,19,A,G,53.0,75.0,22.0,51.95460891723633,66.10586547851562,14.151256561279297,169.0,0.0,0.0,0.0,7.0,10.0
GGGTTAGGGTTAGGGTTAGGA,GGGTTAGGGTTAGGGTTAGGG,20,A,G,61.5,75.0,13.5,53.43048095703125,66.10586547851562,12.675384521484375,169.0,0.0,0.0,0.0,7.0,10.0
